[INFO] Scanning for projects...
[INFO] 
[INFO] ----------------------------< com.sgp:sgp >-----------------------------
[INFO] Building SGP 1.0.0
[INFO]   from pom.xml
[INFO] --------------------------------[ jar ]---------------------------------
[INFO] 
[INFO] >>> spring-boot:3.5.16:run (default-cli) > test-compile @ sgp >>>
[INFO] 
[INFO] --- resources:3.3.1:resources (default-resources) @ sgp ---
[INFO] Copying 1 resource from src\main\resources to target\classes
[INFO] Copying 0 resource from src\main\resources to target\classes
[INFO] 
[INFO] --- compiler:3.14.1:compile (default-compile) @ sgp ---
[INFO] Nothing to compile - all classes are up to date.
[INFO] 
[INFO] --- resources:3.3.1:testResources (default-testResources) @ sgp ---
[INFO] skip non existing resourceDirectory C:\Users\rleni\OneDrive\Documentos\PROYECTO\sgp\sgp\src\test\resources
[INFO] 
[INFO] --- compiler:3.14.1:testCompile (default-testCompile) @ sgp ---
[INFO] Nothing to compile - all classes are up to date.
[INFO] 
[INFO] <<< spring-boot:3.5.16:run (default-cli) < test-compile @ sgp <<<
[INFO] 
[INFO] 
[INFO] --- spring-boot:3.5.16:run (default-cli) @ sgp ---
[INFO] Attaching agents: []

  .   ____          _            __ _ _
 /\\ / ___'_ __ _ _(_)_ __  __ _ \ \ \ \
( ( )\___ | '_ | '_| | '_ \/ _` | \ \ \ \
 \\/  ___)| |_)| | | | | || (_| |  ) ) ) )
  '  |____| .__|_| |_|_| |_\__, | / / / /
 =========|_|==============|___/=/_/_/_/

 :: Spring Boot ::               (v3.5.16)

2026-08-01T23:10:19.299-05:00  INFO 3432 --- [sgp] [           main] com.sgp.sgp.SgpApplication               : Starting SgpApplication using Java 26.0.1 with PID 3432 (C:\Users\rleni\OneDrive\Documentos\PROYECTO\sgp\sgp\target\classes started by rleni in C:\Users\rleni\OneDrive\Documentos\PROYECTO\sgp\sgp)
2026-08-01T23:10:19.302-05:00  INFO 3432 --- [sgp] [           main] com.sgp.sgp.SgpApplication               : No active profile set, falling back to 1 default profile: "default"
2026-08-01T23:10:20.390-05:00  INFO 3432 --- [sgp] [           main] .s.d.r.c.RepositoryConfigurationDelegate : Bootstrapping Spring Data JPA repositories in DEFAULT mode.
2026-08-01T23:10:20.519-05:00  INFO 3432 --- [sgp] [           main] .s.d.r.c.RepositoryConfigurationDelegate : Finished Spring Data repository scanning in 112 ms. Found 7 JPA repository interfaces.
2026-08-01T23:10:21.328-05:00  INFO 3432 --- [sgp] [           main] o.s.b.w.embedded.tomcat.TomcatWebServer  : Tomcat initialized with port 8080 (http)
2026-08-01T23:10:21.351-05:00  INFO 3432 --- [sgp] [           main] o.apache.catalina.core.StandardService   : Starting service [Tomcat]
2026-08-01T23:10:21.352-05:00  INFO 3432 --- [sgp] [           main] o.apache.catalina.core.StandardEngine    : Starting Servlet engine: [Apache Tomcat/10.1.55]
2026-08-01T23:10:21.444-05:00  INFO 3432 --- [sgp] [           main] o.a.c.c.C.[Tomcat].[localhost].[/]       : Initializing Spring embedded WebApplicationContext
2026-08-01T23:10:21.444-05:00  INFO 3432 --- [sgp] [           main] w.s.c.ServletWebServerApplicationContext : Root WebApplicationContext: initialization completed in 2072 ms
2026-08-01T23:10:21.697-05:00  INFO 3432 --- [sgp] [           main] o.hibernate.jpa.internal.util.LogHelper  : HHH000204: Processing PersistenceUnitInfo [name: default]
2026-08-01T23:10:21.780-05:00  INFO 3432 --- [sgp] [           main] org.hibernate.Version                    : HHH000412: Hibernate ORM core version 6.6.53.Final
2026-08-01T23:10:21.830-05:00  INFO 3432 --- [sgp] [           main] o.h.c.internal.RegionFactoryInitiator    : HHH000026: Second-level cache disabled
2026-08-01T23:10:22.269-05:00  INFO 3432 --- [sgp] [           main] o.s.o.j.p.SpringPersistenceUnitInfo      : No LoadTimeWeaver setup: ignoring JPA class transformer
2026-08-01T23:10:22.319-05:00  INFO 3432 --- [sgp] [           main] com.zaxxer.hikari.HikariDataSource       : HikariPool-1 - Starting...
2026-08-01T23:10:22.933-05:00  INFO 3432 --- [sgp] [           main] com.zaxxer.hikari.pool.HikariPool        : HikariPool-1 - Added connection com.mysql.cj.jdbc.ConnectionImpl@4d2f9e3c
2026-08-01T23:10:22.935-05:00  INFO 3432 --- [sgp] [           main] com.zaxxer.hikari.HikariDataSource       : HikariPool-1 - Start completed.
2026-08-01T23:10:23.042-05:00  INFO 3432 --- [sgp] [           main] org.hibernate.orm.connections.pooling    : HHH10001005: Database info:
	Database JDBC URL [Connecting through datasource 'HikariDataSource (HikariPool-1)']
	Database driver: undefined/unknown
	Database version: 8.0.46
	Autocommit mode: undefined/unknown
	Isolation level: undefined/unknown
	Minimum pool size: undefined/unknown
	Maximum pool size: undefined/unknown
2026-08-01T23:10:24.410-05:00  INFO 3432 --- [sgp] [           main] o.h.e.t.j.p.i.JtaPlatformInitiator       : HHH000489: No JTA platform available (set 'hibernate.transaction.jta.platform' to enable JTA platform integration)
2026-08-01T23:10:24.571-05:00  INFO 3432 --- [sgp] [           main] j.LocalContainerEntityManagerFactoryBean : Initialized JPA EntityManagerFactory for persistence unit 'default'
2026-08-01T23:10:25.066-05:00  INFO 3432 --- [sgp] [           main] o.s.d.j.r.query.QueryEnhancerFactory     : Hibernate is in classpath; If applicable, HQL parser will be used.
2026-08-01T23:10:25.754-05:00  WARN 3432 --- [sgp] [           main] .s.s.UserDetailsServiceAutoConfiguration : 

Using generated security password: a4556389-f1a0-4acb-9231-5209cbd112e1

This generated password is for development use only. Your security configuration must be updated before running your application in production.

2026-08-01T23:10:25.765-05:00  INFO 3432 --- [sgp] [           main] r$InitializeUserDetailsManagerConfigurer : Global AuthenticationManager configured with UserDetailsService bean with name inMemoryUserDetailsManager
2026-08-01T23:10:26.366-05:00  INFO 3432 --- [sgp] [           main] o.s.b.w.embedded.tomcat.TomcatWebServer  : Tomcat started on port 8080 (http) with context path '/'
2026-08-01T23:10:26.375-05:00  INFO 3432 --- [sgp] [           main] com.sgp.sgp.SgpApplication               : Started SgpApplication in 7.784 seconds (process running for 8.349)
2026-08-01T23:10:37.232-05:00  INFO 3432 --- [sgp] [nio-8080-exec-2] o.a.c.c.C.[Tomcat].[localhost].[/]       : Initializing Spring DispatcherServlet 'dispatcherServlet'
2026-08-01T23:10:37.233-05:00  INFO 3432 --- [sgp] [nio-8080-exec-2] o.s.web.servlet.DispatcherServlet        : Initializing Servlet 'dispatcherServlet'
2026-08-01T23:10:37.235-05:00  INFO 3432 --- [sgp] [nio-8080-exec-2] o.s.web.servlet.DispatcherServlet        : Completed initialization in 2 ms
2026-08-01T23:10:37.919-05:00 DEBUG 3432 --- [sgp] [nio-8080-exec-2] org.hibernate.SQL                        : 
    select
        c1_0.id_contrato,
        e1_0.id_empleado,
        e1_0.apellidos,
        e1_0.estado_civil,
        e1_0.fecha_nacimiento,
        e1_0.nombre,
        e1_0.numero_documento,
        e1_0.tipo_documento,
        c1_0.fecha_fin,
        c1_0.fecha_inicio,
        c1_0.salario,
        c1_0.tipo_contrato 
    from
        contrato c1_0 
    left join
        empleado e1_0 
            on e1_0.id_empleado=c1_0.id_empleado
Hibernate: 
    select
        c1_0.id_contrato,
        e1_0.id_empleado,
        e1_0.apellidos,
        e1_0.estado_civil,
        e1_0.fecha_nacimiento,
        e1_0.nombre,
        e1_0.numero_documento,
        e1_0.tipo_documento,
        c1_0.fecha_fin,
        c1_0.fecha_inicio,
        c1_0.salario,
        c1_0.tipo_contrato 
    from
        contrato c1_0 
    left join
        empleado e1_0 
            on e1_0.id_empleado=c1_0.id_empleado
2026-08-01T23:10:38.114-05:00 DEBUG 3432 --- [sgp] [nio-8080-exec-1] org.hibernate.SQL                        : 
    select
        c1_0.id_contrato,
        e1_0.id_empleado,
        e1_0.apellidos,
        e1_0.estado_civil,
        e1_0.fecha_nacimiento,
        e1_0.nombre,
        e1_0.numero_documento,
        e1_0.tipo_documento,
        c1_0.fecha_fin,
        c1_0.fecha_inicio,
        c1_0.salario,
        c1_0.tipo_contrato 
    from
        contrato c1_0 
    left join
        empleado e1_0 
            on e1_0.id_empleado=c1_0.id_empleado
Hibernate: 
    select
        c1_0.id_contrato,
        e1_0.id_empleado,
        e1_0.apellidos,
        e1_0.estado_civil,
        e1_0.fecha_nacimiento,
        e1_0.nombre,
        e1_0.numero_documento,
        e1_0.tipo_documento,
        c1_0.fecha_fin,
        c1_0.fecha_inicio,
        c1_0.salario,
        c1_0.tipo_contrato 
    from
        contrato c1_0 
    left join
        empleado e1_0 
            on e1_0.id_empleado=c1_0.id_empleado
2026-08-01T23:10:38.127-05:00 DEBUG 3432 --- [sgp] [nio-8080-exec-3] org.hibernate.SQL                        : 
    select
        e1_0.id_empleado,
        e1_0.apellidos,
        e1_0.estado_civil,
        e1_0.fecha_nacimiento,
        e1_0.nombre,
        e1_0.numero_documento,
        e1_0.tipo_documento 
    from
        empleado e1_0
Hibernate: 
    select
        e1_0.id_empleado,
        e1_0.apellidos,
        e1_0.estado_civil,
        e1_0.fecha_nacimiento,
        e1_0.nombre,
        e1_0.numero_documento,
        e1_0.tipo_documento 
    from
        empleado e1_0
2026-08-01T23:10:38.145-05:00 DEBUG 3432 --- [sgp] [nio-8080-exec-4] org.hibernate.SQL                        : 
    select
        e1_0.id_empleado,
        e1_0.apellidos,
        e1_0.estado_civil,
        e1_0.fecha_nacimiento,
        e1_0.nombre,
        e1_0.numero_documento,
        e1_0.tipo_documento 
    from
        empleado e1_0
Hibernate: 
    select
        e1_0.id_empleado,
        e1_0.apellidos,
        e1_0.estado_civil,
        e1_0.fecha_nacimiento,
        e1_0.nombre,
        e1_0.numero_documento,
        e1_0.tipo_documento 
    from
        empleado e1_0
2026-08-01T23:10:42.069-05:00 DEBUG 3432 --- [sgp] [nio-8080-exec-6] org.hibernate.SQL                        : 
    select
        c1_0.id_contrato,
        c1_0.id_empleado,
        c1_0.fecha_fin,
        c1_0.fecha_inicio,
        c1_0.salario,
        c1_0.tipo_contrato 
    from
        contrato c1_0 
    where
        c1_0.id_contrato=?
Hibernate: 
    select
        c1_0.id_contrato,
        c1_0.id_empleado,
        c1_0.fecha_fin,
        c1_0.fecha_inicio,
        c1_0.salario,
        c1_0.tipo_contrato 
    from
        contrato c1_0 
    where
        c1_0.id_contrato=?
2026-08-01T23:10:42.164-05:00 DEBUG 3432 --- [sgp] [nio-8080-exec-6] org.hibernate.SQL                        : 
    delete 
    from
        contrato 
    where
        id_contrato=?
Hibernate: 
    delete 
    from
        contrato 
    where
        id_contrato=?
2026-08-01T23:10:42.213-05:00  WARN 3432 --- [sgp] [nio-8080-exec-6] o.h.engine.jdbc.spi.SqlExceptionHelper   : SQL Error: 1451, SQLState: 23000
2026-08-01T23:10:42.214-05:00 ERROR 3432 --- [sgp] [nio-8080-exec-6] o.h.engine.jdbc.spi.SqlExceptionHelper   : Cannot delete or update a parent row: a foreign key constraint fails (`sgp`.`nomina`, CONSTRAINT `FK9typywxddw04s25jrbyhxlsij` FOREIGN KEY (`id_contrato`) REFERENCES `contrato` (`id_contrato`))
2026-08-01T23:10:42.239-05:00 ERROR 3432 --- [sgp] [nio-8080-exec-6] o.a.c.c.C.[.[.[/].[dispatcherServlet]    : Servlet.service() for servlet [dispatcherServlet] in context with path [] threw exception [Request processing failed: org.springframework.dao.DataIntegrityViolationException: could not execute statement [Cannot delete or update a parent row: a foreign key constraint fails (`sgp`.`nomina`, CONSTRAINT `FK9typywxddw04s25jrbyhxlsij` FOREIGN KEY (`id_contrato`) REFERENCES `contrato` (`id_contrato`))] [delete from contrato where id_contrato=?]; SQL [delete from contrato where id_contrato=?]; constraint [null]] with root cause

java.sql.SQLIntegrityConstraintViolationException: Cannot delete or update a parent row: a foreign key constraint fails (`sgp`.`nomina`, CONSTRAINT `FK9typywxddw04s25jrbyhxlsij` FOREIGN KEY (`id_contrato`) REFERENCES `contrato` (`id_contrato`))
	at com.mysql.cj.jdbc.exceptions.SQLError.createSQLException(SQLError.java:109) ~[mysql-connector-j-9.7.0.jar:9.7.0]
	at com.mysql.cj.jdbc.exceptions.SQLExceptionsMapping.translateException(SQLExceptionsMapping.java:114) ~[mysql-connector-j-9.7.0.jar:9.7.0]
	at com.mysql.cj.jdbc.ClientPreparedStatement.executeInternal(ClientPreparedStatement.java:988) ~[mysql-connector-j-9.7.0.jar:9.7.0]
	at com.mysql.cj.jdbc.ClientPreparedStatement.executeUpdateInternal(ClientPreparedStatement.java:1166) ~[mysql-connector-j-9.7.0.jar:9.7.0]
	at com.mysql.cj.jdbc.ClientPreparedStatement.executeUpdateInternal(ClientPreparedStatement.java:1101) ~[mysql-connector-j-9.7.0.jar:9.7.0]
	at com.mysql.cj.jdbc.ClientPreparedStatement.executeLargeUpdate(ClientPreparedStatement.java:1448) ~[mysql-connector-j-9.7.0.jar:9.7.0]
	at com.mysql.cj.jdbc.ClientPreparedStatement.executeUpdate(ClientPreparedStatement.java:1084) ~[mysql-connector-j-9.7.0.jar:9.7.0]
	at com.zaxxer.hikari.pool.ProxyPreparedStatement.executeUpdate(ProxyPreparedStatement.java:61) ~[HikariCP-6.3.3.jar:na]
	at com.zaxxer.hikari.pool.HikariProxyPreparedStatement.executeUpdate(HikariProxyPreparedStatement.java) ~[HikariCP-6.3.3.jar:na]
	at org.hibernate.engine.jdbc.internal.ResultSetReturnImpl.executeUpdate(ResultSetReturnImpl.java:194) ~[hibernate-core-6.6.53.Final.jar:6.6.53.Final]
	at org.hibernate.engine.jdbc.mutation.internal.AbstractMutationExecutor.performNonBatchedMutation(AbstractMutationExecutor.java:134) ~[hibernate-core-6.6.53.Final.jar:6.6.53.Final]
	at org.hibernate.engine.jdbc.mutation.internal.MutationExecutorSingleNonBatched.performNonBatchedOperations(MutationExecutorSingleNonBatched.java:55) ~[hibernate-core-6.6.53.Final.jar:6.6.53.Final]
	at org.hibernate.engine.jdbc.mutation.internal.AbstractMutationExecutor.execute(AbstractMutationExecutor.java:55) ~[hibernate-core-6.6.53.Final.jar:6.6.53.Final]
	at org.hibernate.persister.entity.mutation.AbstractDeleteCoordinator.doStaticDelete(AbstractDeleteCoordinator.java:280) ~[hibernate-core-6.6.53.Final.jar:6.6.53.Final]
	at org.hibernate.persister.entity.mutation.AbstractDeleteCoordinator.delete(AbstractDeleteCoordinator.java:87) ~[hibernate-core-6.6.53.Final.jar:6.6.53.Final]
	at org.hibernate.action.internal.EntityDeleteAction.execute(EntityDeleteAction.java:131) ~[hibernate-core-6.6.53.Final.jar:6.6.53.Final]
	at org.hibernate.engine.spi.ActionQueue.executeActions(ActionQueue.java:644) ~[hibernate-core-6.6.53.Final.jar:6.6.53.Final]
	at org.hibernate.engine.spi.ActionQueue.executeActions(ActionQueue.java:511) ~[hibernate-core-6.6.53.Final.jar:6.6.53.Final]
	at org.hibernate.event.internal.AbstractFlushingEventListener.performExecutions(AbstractFlushingEventListener.java:414) ~[hibernate-core-6.6.53.Final.jar:6.6.53.Final]
	at org.hibernate.event.internal.DefaultFlushEventListener.onFlush(DefaultFlushEventListener.java:41) ~[hibernate-core-6.6.53.Final.jar:6.6.53.Final]
	at org.hibernate.event.service.internal.EventListenerGroupImpl.fireEventOnEachListener(EventListenerGroupImpl.java:127) ~[hibernate-core-6.6.53.Final.jar:6.6.53.Final]
	at org.hibernate.internal.SessionImpl.doFlush(SessionImpl.java:1429) ~[hibernate-core-6.6.53.Final.jar:6.6.53.Final]
	at org.hibernate.internal.SessionImpl.managedFlush(SessionImpl.java:491) ~[hibernate-core-6.6.53.Final.jar:6.6.53.Final]
	at org.hibernate.internal.SessionImpl.flushBeforeTransactionCompletion(SessionImpl.java:2354) ~[hibernate-core-6.6.53.Final.jar:6.6.53.Final]
	at org.hibernate.internal.SessionImpl.beforeTransactionCompletion(SessionImpl.java:1978) ~[hibernate-core-6.6.53.Final.jar:6.6.53.Final]
	at org.hibernate.engine.jdbc.internal.JdbcCoordinatorImpl.beforeTransactionCompletion(JdbcCoordinatorImpl.java:439) ~[hibernate-core-6.6.53.Final.jar:6.6.53.Final]
	at org.hibernate.resource.transaction.backend.jdbc.internal.JdbcResourceLocalTransactionCoordinatorImpl.beforeCompletionCallback(JdbcResourceLocalTransactionCoordinatorImpl.java:169) ~[hibernate-core-6.6.53.Final.jar:6.6.53.Final]
	at org.hibernate.resource.transaction.backend.jdbc.internal.JdbcResourceLocalTransactionCoordinatorImpl$TransactionDriverControlImpl.commit(JdbcResourceLocalTransactionCoordinatorImpl.java:267) ~[hibernate-core-6.6.53.Final.jar:6.6.53.Final]
	at org.hibernate.engine.transaction.internal.TransactionImpl.commit(TransactionImpl.java:101) ~[hibernate-core-6.6.53.Final.jar:6.6.53.Final]
	at org.springframework.orm.jpa.JpaTransactionManager.doCommit(JpaTransactionManager.java:563) ~[spring-orm-6.2.19.jar:6.2.19]
	at org.springframework.transaction.support.AbstractPlatformTransactionManager.processCommit(AbstractPlatformTransactionManager.java:795) ~[spring-tx-6.2.19.jar:6.2.19]
	at org.springframework.transaction.support.AbstractPlatformTransactionManager.commit(AbstractPlatformTransactionManager.java:758) ~[spring-tx-6.2.19.jar:6.2.19]
	at org.springframework.transaction.interceptor.TransactionAspectSupport.commitTransactionAfterReturning(TransactionAspectSupport.java:698) ~[spring-tx-6.2.19.jar:6.2.19]
	at org.springframework.transaction.interceptor.TransactionAspectSupport.invokeWithinTransaction(TransactionAspectSupport.java:416) ~[spring-tx-6.2.19.jar:6.2.19]
	at org.springframework.transaction.interceptor.TransactionInterceptor.invoke(TransactionInterceptor.java:119) ~[spring-tx-6.2.19.jar:6.2.19]
	at org.springframework.aop.framework.ReflectiveMethodInvocation.proceed(ReflectiveMethodInvocation.java:184) ~[spring-aop-6.2.19.jar:6.2.19]
	at org.springframework.dao.support.PersistenceExceptionTranslationInterceptor.invoke(PersistenceExceptionTranslationInterceptor.java:138) ~[spring-tx-6.2.19.jar:6.2.19]
	at org.springframework.aop.framework.ReflectiveMethodInvocation.proceed(ReflectiveMethodInvocation.java:184) ~[spring-aop-6.2.19.jar:6.2.19]
	at org.springframework.data.jpa.repository.support.CrudMethodMetadataPostProcessor$CrudMethodMetadataPopulatingMethodInterceptor.invoke(CrudMethodMetadataPostProcessor.java:165) ~[spring-data-jpa-3.5.13.jar:3.5.13]
	at org.springframework.aop.framework.ReflectiveMethodInvocation.proceed(ReflectiveMethodInvocation.java:184) ~[spring-aop-6.2.19.jar:6.2.19]
	at org.springframework.aop.framework.JdkDynamicAopProxy.invoke(JdkDynamicAopProxy.java:223) ~[spring-aop-6.2.19.jar:6.2.19]
	at jdk.proxy2/jdk.proxy2.$Proxy144.deleteById(Unknown Source) ~[na:na]
	at com.sgp.sgp.controller.ContratoController.eliminarContrato(ContratoController.java:84) ~[classes/:na]
	at java.base/jdk.internal.reflect.DirectMethodHandleAccessor.invoke(DirectMethodHandleAccessor.java:104) ~[na:na]
	at java.base/java.lang.reflect.Method.invoke(Method.java:565) ~[na:na]
	at org.springframework.aop.support.AopUtils.invokeJoinpointUsingReflection(AopUtils.java:360) ~[spring-aop-6.2.19.jar:6.2.19]
	at org.springframework.aop.framework.CglibAopProxy$DynamicAdvisedInterceptor.intercept(CglibAopProxy.java:724) ~[spring-aop-6.2.19.jar:6.2.19]
	at com.sgp.sgp.controller.ContratoController$$SpringCGLIB$$0.eliminarContrato(<generated>) ~[classes/:na]
	at java.base/jdk.internal.reflect.DirectMethodHandleAccessor.invoke(DirectMethodHandleAccessor.java:104) ~[na:na]
	at java.base/java.lang.reflect.Method.invoke(Method.java:565) ~[na:na]
	at org.springframework.web.method.support.InvocableHandlerMethod.doInvoke(InvocableHandlerMethod.java:258) ~[spring-web-6.2.19.jar:6.2.19]
	at org.springframework.web.method.support.InvocableHandlerMethod.invokeForRequest(InvocableHandlerMethod.java:191) ~[spring-web-6.2.19.jar:6.2.19]
	at org.springframework.web.servlet.mvc.method.annotation.ServletInvocableHandlerMethod.invokeAndHandle(ServletInvocableHandlerMethod.java:118) ~[spring-webmvc-6.2.19.jar:6.2.19]
	at org.springframework.web.servlet.mvc.method.annotation.RequestMappingHandlerAdapter.invokeHandlerMethod(RequestMappingHandlerAdapter.java:991) ~[spring-webmvc-6.2.19.jar:6.2.19]
	at org.springframework.web.servlet.mvc.method.annotation.RequestMappingHandlerAdapter.handleInternal(RequestMappingHandlerAdapter.java:896) ~[spring-webmvc-6.2.19.jar:6.2.19]
	at org.springframework.web.servlet.mvc.method.AbstractHandlerMethodAdapter.handle(AbstractHandlerMethodAdapter.java:87) ~[spring-webmvc-6.2.19.jar:6.2.19]
	at org.springframework.web.servlet.DispatcherServlet.doDispatch(DispatcherServlet.java:1089) ~[spring-webmvc-6.2.19.jar:6.2.19]
	at org.springframework.web.servlet.DispatcherServlet.doService(DispatcherServlet.java:979) ~[spring-webmvc-6.2.19.jar:6.2.19]
	at org.springframework.web.servlet.FrameworkServlet.processRequest(FrameworkServlet.java:1014) ~[spring-webmvc-6.2.19.jar:6.2.19]
	at org.springframework.web.servlet.FrameworkServlet.doDelete(FrameworkServlet.java:936) ~[spring-webmvc-6.2.19.jar:6.2.19]
	at jakarta.servlet.http.HttpServlet.service(HttpServlet.java:596) ~[tomcat-embed-core-10.1.55.jar:6.0]
	at org.springframework.web.servlet.FrameworkServlet.service(FrameworkServlet.java:885) ~[spring-webmvc-6.2.19.jar:6.2.19]
	at jakarta.servlet.http.HttpServlet.service(HttpServlet.java:658) ~[tomcat-embed-core-10.1.55.jar:6.0]
	at org.apache.catalina.core.ApplicationFilterChain.internalDoFilter(ApplicationFilterChain.java:193) ~[tomcat-embed-core-10.1.55.jar:10.1.55]
	at org.apache.catalina.core.ApplicationFilterChain.doFilter(ApplicationFilterChain.java:138) ~[tomcat-embed-core-10.1.55.jar:10.1.55]
	at org.apache.tomcat.websocket.server.WsFilter.doFilter(WsFilter.java:51) ~[tomcat-embed-websocket-10.1.55.jar:10.1.55]
	at org.apache.catalina.core.ApplicationFilterChain.internalDoFilter(ApplicationFilterChain.java:162) ~[tomcat-embed-core-10.1.55.jar:10.1.55]
	at org.apache.catalina.core.ApplicationFilterChain.doFilter(ApplicationFilterChain.java:138) ~[tomcat-embed-core-10.1.55.jar:10.1.55]
	at org.springframework.web.filter.OncePerRequestFilter.doFilter(OncePerRequestFilter.java:110) ~[spring-web-6.2.19.jar:6.2.19]
	at org.apache.catalina.core.ApplicationFilterChain.internalDoFilter(ApplicationFilterChain.java:162) ~[tomcat-embed-core-10.1.55.jar:10.1.55]
	at org.apache.catalina.core.ApplicationFilterChain.doFilter(ApplicationFilterChain.java:138) ~[tomcat-embed-core-10.1.55.jar:10.1.55]
	at org.springframework.web.filter.CompositeFilter$VirtualFilterChain.doFilter(CompositeFilter.java:108) ~[spring-web-6.2.19.jar:6.2.19]
	at org.springframework.web.filter.CompositeFilter$VirtualFilterChain.doFilter(CompositeFilter.java:108) ~[spring-web-6.2.19.jar:6.2.19]
	at org.springframework.security.web.FilterChainProxy.lambda$doFilterInternal$3(FilterChainProxy.java:231) ~[spring-security-web-6.5.11.jar:6.5.11]
	at org.springframework.security.web.FilterChainProxy$VirtualFilterChain.doFilter(FilterChainProxy.java:370) ~[spring-security-web-6.5.11.jar:6.5.11]
	at org.springframework.security.web.access.intercept.AuthorizationFilter.doFilter(AuthorizationFilter.java:101) ~[spring-security-web-6.5.11.jar:6.5.11]
	at org.springframework.security.web.FilterChainProxy$VirtualFilterChain.doFilter(FilterChainProxy.java:379) ~[spring-security-web-6.5.11.jar:6.5.11]
	at org.springframework.security.web.access.ExceptionTranslationFilter.doFilter(ExceptionTranslationFilter.java:125) ~[spring-security-web-6.5.11.jar:6.5.11]
	at org.springframework.security.web.access.ExceptionTranslationFilter.doFilter(ExceptionTranslationFilter.java:119) ~[spring-security-web-6.5.11.jar:6.5.11]
	at org.springframework.security.web.FilterChainProxy$VirtualFilterChain.doFilter(FilterChainProxy.java:379) ~[spring-security-web-6.5.11.jar:6.5.11]
	at org.springframework.security.web.session.SessionManagementFilter.doFilter(SessionManagementFilter.java:131) ~[spring-security-web-6.5.11.jar:6.5.11]
	at org.springframework.security.web.session.SessionManagementFilter.doFilter(SessionManagementFilter.java:85) ~[spring-security-web-6.5.11.jar:6.5.11]
	at org.springframework.security.web.FilterChainProxy$VirtualFilterChain.doFilter(FilterChainProxy.java:379) ~[spring-security-web-6.5.11.jar:6.5.11]
	at org.springframework.security.web.authentication.AnonymousAuthenticationFilter.doFilter(AnonymousAuthenticationFilter.java:100) ~[spring-security-web-6.5.11.jar:6.5.11]
	at org.springframework.security.web.FilterChainProxy$VirtualFilterChain.doFilter(FilterChainProxy.java:379) ~[spring-security-web-6.5.11.jar:6.5.11]
	at org.springframework.security.web.servletapi.SecurityContextHolderAwareRequestFilter.doFilter(SecurityContextHolderAwareRequestFilter.java:179) ~[spring-security-web-6.5.11.jar:6.5.11]
	at org.springframework.security.web.FilterChainProxy$VirtualFilterChain.doFilter(FilterChainProxy.java:379) ~[spring-security-web-6.5.11.jar:6.5.11]
	at org.springframework.security.web.savedrequest.RequestCacheAwareFilter.doFilter(RequestCacheAwareFilter.java:63) ~[spring-security-web-6.5.11.jar:6.5.11]
	at org.springframework.security.web.FilterChainProxy$VirtualFilterChain.doFilter(FilterChainProxy.java:379) ~[spring-security-web-6.5.11.jar:6.5.11]
	at com.sgp.sgp.security.JwtFilter.doFilterInternal(JwtFilter.java:68) ~[classes/:na]
	at org.springframework.web.filter.OncePerRequestFilter.doFilter(OncePerRequestFilter.java:116) ~[spring-web-6.2.19.jar:6.2.19]
	at org.springframework.security.web.FilterChainProxy$VirtualFilterChain.doFilter(FilterChainProxy.java:379) ~[spring-security-web-6.5.11.jar:6.5.11]
	at org.springframework.security.web.authentication.logout.LogoutFilter.doFilter(LogoutFilter.java:107) ~[spring-security-web-6.5.11.jar:6.5.11]
	at org.springframework.security.web.authentication.logout.LogoutFilter.doFilter(LogoutFilter.java:93) ~[spring-security-web-6.5.11.jar:6.5.11]
	at org.springframework.security.web.FilterChainProxy$VirtualFilterChain.doFilter(FilterChainProxy.java:379) ~[spring-security-web-6.5.11.jar:6.5.11]
	at org.springframework.web.filter.CorsFilter.doFilterInternal(CorsFilter.java:91) ~[spring-web-6.2.19.jar:6.2.19]
	at org.springframework.web.filter.OncePerRequestFilter.doFilter(OncePerRequestFilter.java:116) ~[spring-web-6.2.19.jar:6.2.19]
	at org.springframework.security.web.FilterChainProxy$VirtualFilterChain.doFilter(FilterChainProxy.java:379) ~[spring-security-web-6.5.11.jar:6.5.11]
	at org.springframework.security.web.header.HeaderWriterFilter.doHeadersAfter(HeaderWriterFilter.java:90) ~[spring-security-web-6.5.11.jar:6.5.11]
	at org.springframework.security.web.header.HeaderWriterFilter.doFilterInternal(HeaderWriterFilter.java:75) ~[spring-security-web-6.5.11.jar:6.5.11]
	at org.springframework.web.filter.OncePerRequestFilter.doFilter(OncePerRequestFilter.java:116) ~[spring-web-6.2.19.jar:6.2.19]
	at org.springframework.security.web.FilterChainProxy$VirtualFilterChain.doFilter(FilterChainProxy.java:379) ~[spring-security-web-6.5.11.jar:6.5.11]
	at org.springframework.security.web.context.SecurityContextHolderFilter.doFilter(SecurityContextHolderFilter.java:82) ~[spring-security-web-6.5.11.jar:6.5.11]
	at org.springframework.security.web.context.SecurityContextHolderFilter.doFilter(SecurityContextHolderFilter.java:69) ~[spring-security-web-6.5.11.jar:6.5.11]
	at org.springframework.security.web.FilterChainProxy$VirtualFilterChain.doFilter(FilterChainProxy.java:379) ~[spring-security-web-6.5.11.jar:6.5.11]
	at org.springframework.security.web.context.request.async.WebAsyncManagerIntegrationFilter.doFilterInternal(WebAsyncManagerIntegrationFilter.java:62) ~[spring-security-web-6.5.11.jar:6.5.11]
	at org.springframework.web.filter.OncePerRequestFilter.doFilter(OncePerRequestFilter.java:116) ~[spring-web-6.2.19.jar:6.2.19]
	at org.springframework.security.web.FilterChainProxy$VirtualFilterChain.doFilter(FilterChainProxy.java:379) ~[spring-security-web-6.5.11.jar:6.5.11]
	at org.springframework.security.web.session.DisableEncodeUrlFilter.doFilterInternal(DisableEncodeUrlFilter.java:42) ~[spring-security-web-6.5.11.jar:6.5.11]
	at org.springframework.web.filter.OncePerRequestFilter.doFilter(OncePerRequestFilter.java:116) ~[spring-web-6.2.19.jar:6.2.19]
	at org.springframework.security.web.FilterChainProxy$VirtualFilterChain.doFilter(FilterChainProxy.java:379) ~[spring-security-web-6.5.11.jar:6.5.11]
	at org.springframework.security.web.FilterChainProxy.doFilterInternal(FilterChainProxy.java:233) ~[spring-security-web-6.5.11.jar:6.5.11]
	at org.springframework.security.web.FilterChainProxy.doFilter(FilterChainProxy.java:191) ~[spring-security-web-6.5.11.jar:6.5.11]
	at org.springframework.web.filter.CompositeFilter$VirtualFilterChain.doFilter(CompositeFilter.java:113) ~[spring-web-6.2.19.jar:6.2.19]
	at org.springframework.web.filter.ServletRequestPathFilter.doFilter(ServletRequestPathFilter.java:52) ~[spring-web-6.2.19.jar:6.2.19]
	at org.springframework.web.filter.CompositeFilter$VirtualFilterChain.doFilter(CompositeFilter.java:113) ~[spring-web-6.2.19.jar:6.2.19]
	at org.springframework.web.filter.CompositeFilter.doFilter(CompositeFilter.java:74) ~[spring-web-6.2.19.jar:6.2.19]
	at org.springframework.security.config.annotation.web.configuration.WebSecurityConfiguration$CompositeFilterChainProxy.doFilter(WebSecurityConfiguration.java:319) ~[spring-security-config-6.5.11.jar:6.5.11]
	at org.springframework.web.filter.CompositeFilter$VirtualFilterChain.doFilter(CompositeFilter.java:113) ~[spring-web-6.2.19.jar:6.2.19]
	at org.springframework.web.servlet.handler.HandlerMappingIntrospector.lambda$createCacheFilter$4(HandlerMappingIntrospector.java:267) ~[spring-webmvc-6.2.19.jar:6.2.19]
	at org.springframework.web.filter.CompositeFilter$VirtualFilterChain.doFilter(CompositeFilter.java:113) ~[spring-web-6.2.19.jar:6.2.19]
	at org.springframework.web.filter.CompositeFilter.doFilter(CompositeFilter.java:74) ~[spring-web-6.2.19.jar:6.2.19]
	at org.springframework.security.config.annotation.web.configuration.WebMvcSecurityConfiguration$CompositeFilterChainProxy.doFilter(WebMvcSecurityConfiguration.java:240) ~[spring-security-config-6.5.11.jar:6.5.11]
	at org.springframework.web.filter.DelegatingFilterProxy.invokeDelegate(DelegatingFilterProxy.java:362) ~[spring-web-6.2.19.jar:6.2.19]
	at org.springframework.web.filter.DelegatingFilterProxy.doFilter(DelegatingFilterProxy.java:278) ~[spring-web-6.2.19.jar:6.2.19]
	at org.apache.catalina.core.ApplicationFilterChain.internalDoFilter(ApplicationFilterChain.java:162) ~[tomcat-embed-core-10.1.55.jar:10.1.55]
	at org.apache.catalina.core.ApplicationFilterChain.doFilter(ApplicationFilterChain.java:138) ~[tomcat-embed-core-10.1.55.jar:10.1.55]
	at org.springframework.web.filter.RequestContextFilter.doFilterInternal(RequestContextFilter.java:100) ~[spring-web-6.2.19.jar:6.2.19]
	at org.springframework.web.filter.OncePerRequestFilter.doFilter(OncePerRequestFilter.java:116) ~[spring-web-6.2.19.jar:6.2.19]
	at org.apache.catalina.core.ApplicationFilterChain.internalDoFilter(ApplicationFilterChain.java:162) ~[tomcat-embed-core-10.1.55.jar:10.1.55]
	at org.apache.catalina.core.ApplicationFilterChain.doFilter(ApplicationFilterChain.java:138) ~[tomcat-embed-core-10.1.55.jar:10.1.55]
	at org.springframework.web.filter.FormContentFilter.doFilterInternal(FormContentFilter.java:93) ~[spring-web-6.2.19.jar:6.2.19]
	at org.springframework.web.filter.OncePerRequestFilter.doFilter(OncePerRequestFilter.java:116) ~[spring-web-6.2.19.jar:6.2.19]
	at org.apache.catalina.core.ApplicationFilterChain.internalDoFilter(ApplicationFilterChain.java:162) ~[tomcat-embed-core-10.1.55.jar:10.1.55]
	at org.apache.catalina.core.ApplicationFilterChain.doFilter(ApplicationFilterChain.java:138) ~[tomcat-embed-core-10.1.55.jar:10.1.55]
	at org.springframework.web.filter.CharacterEncodingFilter.doFilterInternal(CharacterEncodingFilter.java:201) ~[spring-web-6.2.19.jar:6.2.19]
	at org.springframework.web.filter.OncePerRequestFilter.doFilter(OncePerRequestFilter.java:116) ~[spring-web-6.2.19.jar:6.2.19]
	at org.apache.catalina.core.ApplicationFilterChain.internalDoFilter(ApplicationFilterChain.java:162) ~[tomcat-embed-core-10.1.55.jar:10.1.55]
	at org.apache.catalina.core.ApplicationFilterChain.doFilter(ApplicationFilterChain.java:138) ~[tomcat-embed-core-10.1.55.jar:10.1.55]
	at org.apache.catalina.core.StandardWrapperValve.invoke(StandardWrapperValve.java:165) ~[tomcat-embed-core-10.1.55.jar:10.1.55]
	at org.apache.catalina.core.StandardContextValve.invoke(StandardContextValve.java:88) ~[tomcat-embed-core-10.1.55.jar:10.1.55]
	at org.apache.catalina.authenticator.AuthenticatorBase.invoke(AuthenticatorBase.java:492) ~[tomcat-embed-core-10.1.55.jar:10.1.55]
	at org.apache.catalina.core.StandardHostValve.invoke(StandardHostValve.java:113) ~[tomcat-embed-core-10.1.55.jar:10.1.55]
	at org.apache.catalina.valves.ErrorReportValve.invoke(ErrorReportValve.java:83) ~[tomcat-embed-core-10.1.55.jar:10.1.55]
	at org.apache.catalina.core.StandardEngineValve.invoke(StandardEngineValve.java:72) ~[tomcat-embed-core-10.1.55.jar:10.1.55]
	at org.apache.catalina.connector.CoyoteAdapter.service(CoyoteAdapter.java:342) ~[tomcat-embed-core-10.1.55.jar:10.1.55]
	at org.apache.coyote.http11.Http11Processor.service(Http11Processor.java:399) ~[tomcat-embed-core-10.1.55.jar:10.1.55]
	at org.apache.coyote.AbstractProcessorLight.process(AbstractProcessorLight.java:63) ~[tomcat-embed-core-10.1.55.jar:10.1.55]
	at org.apache.coyote.AbstractProtocol$ConnectionHandler.process(AbstractProtocol.java:1272) ~[tomcat-embed-core-10.1.55.jar:10.1.55]
	at org.apache.tomcat.util.net.NioEndpoint$SocketProcessor.doRun(NioEndpoint.java:1797) ~[tomcat-embed-core-10.1.55.jar:10.1.55]
	at org.apache.tomcat.util.net.SocketProcessorBase.run(SocketProcessorBase.java:52) ~[tomcat-embed-core-10.1.55.jar:10.1.55]
	at org.apache.tomcat.util.threads.ThreadPoolExecutor.runWorker(ThreadPoolExecutor.java:973) ~[tomcat-embed-core-10.1.55.jar:10.1.55]
	at org.apache.tomcat.util.threads.ThreadPoolExecutor$Worker.run(ThreadPoolExecutor.java:491) ~[tomcat-embed-core-10.1.55.jar:10.1.55]
	at org.apache.tomcat.util.threads.TaskThread$WrappingRunnable.run(TaskThread.java:63) ~[tomcat-embed-core-10.1.55.jar:10.1.55]
	at java.base/java.lang.Thread.run(Thread.java:1516) ~[na:na]

2026-08-01T23:10:44.315-05:00 DEBUG 3432 --- [sgp] [nio-8080-exec-7] org.hibernate.SQL                        : 
    select
        u1_0.id,
        u1_0.activo,
        u1_0.correo,
        e1_0.id_empleado,
        e1_0.apellidos,
        e1_0.estado_civil,
        e1_0.fecha_nacimiento,
        e1_0.nombre,
        e1_0.numero_documento,
        e1_0.tipo_documento,
        u1_0.password,
        u1_0.rol 
    from
        usuario u1_0 
    left join
        empleado e1_0 
            on e1_0.id_empleado=u1_0.id_empleado
Hibernate: 
    select
        u1_0.id,
        u1_0.activo,
        u1_0.correo,
        e1_0.id_empleado,
        e1_0.apellidos,
        e1_0.estado_civil,
        e1_0.fecha_nacimiento,
        e1_0.nombre,
        e1_0.numero_documento,
        e1_0.tipo_documento,
        u1_0.password,
        u1_0.rol 
    from
        usuario u1_0 
    left join
        empleado e1_0 
            on e1_0.id_empleado=u1_0.id_empleado
2026-08-01T23:10:44.361-05:00 DEBUG 3432 --- [sgp] [nio-8080-exec-8] org.hibernate.SQL                        : 
    select
        u1_0.id,
        u1_0.activo,
        u1_0.correo,
        e1_0.id_empleado,
        e1_0.apellidos,
        e1_0.estado_civil,
        e1_0.fecha_nacimiento,
        e1_0.nombre,
        e1_0.numero_documento,
        e1_0.tipo_documento,
        u1_0.password,
        u1_0.rol 
    from
        usuario u1_0 
    left join
        empleado e1_0 
            on e1_0.id_empleado=u1_0.id_empleado
Hibernate: 
    select
        u1_0.id,
        u1_0.activo,
        u1_0.correo,
        e1_0.id_empleado,
        e1_0.apellidos,
        e1_0.estado_civil,
        e1_0.fecha_nacimiento,
        e1_0.nombre,
        e1_0.numero_documento,
        e1_0.tipo_documento,
        u1_0.password,
        u1_0.rol 
    from
        usuario u1_0 
    left join
        empleado e1_0 
            on e1_0.id_empleado=u1_0.id_empleado
2026-08-01T23:10:44.367-05:00 DEBUG 3432 --- [sgp] [nio-8080-exec-9] org.hibernate.SQL                        : 
    select
        e1_0.id_empleado,
        e1_0.apellidos,
        e1_0.estado_civil,
        e1_0.fecha_nacimiento,
        e1_0.nombre,
        e1_0.numero_documento,
        e1_0.tipo_documento 
    from
        empleado e1_0
Hibernate: 
    select
        e1_0.id_empleado,
        e1_0.apellidos,
        e1_0.estado_civil,
        e1_0.fecha_nacimiento,
        e1_0.nombre,
        e1_0.numero_documento,
        e1_0.tipo_documento 
    from
        empleado e1_0
2026-08-01T23:10:44.397-05:00 DEBUG 3432 --- [sgp] [io-8080-exec-10] org.hibernate.SQL                        : 
    select
        e1_0.id_empleado,
        e1_0.apellidos,
        e1_0.estado_civil,
        e1_0.fecha_nacimiento,
        e1_0.nombre,
        e1_0.numero_documento,
        e1_0.tipo_documento 
    from
        empleado e1_0
Hibernate: 
    select
        e1_0.id_empleado,
        e1_0.apellidos,
        e1_0.estado_civil,
        e1_0.fecha_nacimiento,
        e1_0.nombre,
        e1_0.numero_documento,
        e1_0.tipo_documento 
    from
        empleado e1_0
2026-08-01T23:10:46.675-05:00 DEBUG 3432 --- [sgp] [nio-8080-exec-2] org.hibernate.SQL                        : 
    select
        n1_0.id_nomina,
        n1_0.bonificaciones,
        n1_0.id_contrato,
        c1_0.id_contrato,
        c1_0.id_empleado,
        c1_0.fecha_fin,
        c1_0.fecha_inicio,
        c1_0.salario,
        c1_0.tipo_contrato,
        n1_0.deducciones,
        n1_0.departamento,
        n1_0.id_empleado,
        e2_0.id_empleado,
        e2_0.apellidos,
        e2_0.estado_civil,
        e2_0.fecha_nacimiento,
        e2_0.nombre,
        e2_0.numero_documento,
        e2_0.tipo_documento,
        n1_0.estado,
        n1_0.fecha_pago,
        n1_0.municipio,
        n1_0.salario_base,
        n1_0.total_pagado 
    from
        nomina n1_0 
    join
        contrato c1_0 
            on c1_0.id_contrato=n1_0.id_contrato 
    join
        empleado e2_0 
            on e2_0.id_empleado=n1_0.id_empleado
Hibernate: 
    select
        n1_0.id_nomina,
        n1_0.bonificaciones,
        n1_0.id_contrato,
        c1_0.id_contrato,
        c1_0.id_empleado,
        c1_0.fecha_fin,
        c1_0.fecha_inicio,
        c1_0.salario,
        c1_0.tipo_contrato,
        n1_0.deducciones,
        n1_0.departamento,
        n1_0.id_empleado,
        e2_0.id_empleado,
        e2_0.apellidos,
        e2_0.estado_civil,
        e2_0.fecha_nacimiento,
        e2_0.nombre,
        e2_0.numero_documento,
        e2_0.tipo_documento,
        n1_0.estado,
        n1_0.fecha_pago,
        n1_0.municipio,
        n1_0.salario_base,
        n1_0.total_pagado 
    from
        nomina n1_0 
    join
        contrato c1_0 
            on c1_0.id_contrato=n1_0.id_contrato 
    join
        empleado e2_0 
            on e2_0.id_empleado=n1_0.id_empleado
2026-08-01T23:10:46.714-05:00 DEBUG 3432 --- [sgp] [nio-8080-exec-1] org.hibernate.SQL                        : 
    select
        n1_0.id_nomina,
        n1_0.bonificaciones,
        n1_0.id_contrato,
        c1_0.id_contrato,
        c1_0.id_empleado,
        c1_0.fecha_fin,
        c1_0.fecha_inicio,
        c1_0.salario,
        c1_0.tipo_contrato,
        n1_0.deducciones,
        n1_0.departamento,
        n1_0.id_empleado,
        e2_0.id_empleado,
        e2_0.apellidos,
        e2_0.estado_civil,
        e2_0.fecha_nacimiento,
        e2_0.nombre,
        e2_0.numero_documento,
        e2_0.tipo_documento,
        n1_0.estado,
        n1_0.fecha_pago,
        n1_0.municipio,
        n1_0.salario_base,
        n1_0.total_pagado 
    from
        nomina n1_0 
    join
        contrato c1_0 
            on c1_0.id_contrato=n1_0.id_contrato 
    join
        empleado e2_0 
            on e2_0.id_empleado=n1_0.id_empleado
Hibernate: 
    select
        n1_0.id_nomina,
        n1_0.bonificaciones,
        n1_0.id_contrato,
        c1_0.id_contrato,
        c1_0.id_empleado,
        c1_0.fecha_fin,
        c1_0.fecha_inicio,
        c1_0.salario,
        c1_0.tipo_contrato,
        n1_0.deducciones,
        n1_0.departamento,
        n1_0.id_empleado,
        e2_0.id_empleado,
        e2_0.apellidos,
        e2_0.estado_civil,
        e2_0.fecha_nacimiento,
        e2_0.nombre,
        e2_0.numero_documento,
        e2_0.tipo_documento,
        n1_0.estado,
        n1_0.fecha_pago,
        n1_0.municipio,
        n1_0.salario_base,
        n1_0.total_pagado 
    from
        nomina n1_0 
    join
        contrato c1_0 
            on c1_0.id_contrato=n1_0.id_contrato 
    join
        empleado e2_0 
            on e2_0.id_empleado=n1_0.id_empleado
2026-08-01T23:10:47.534-05:00 DEBUG 3432 --- [sgp] [nio-8080-exec-5] org.hibernate.SQL                        : 
    select
        e1_0.id_empleado,
        e1_0.apellidos,
        e1_0.estado_civil,
        e1_0.fecha_nacimiento,
        e1_0.nombre,
        e1_0.numero_documento,
        e1_0.tipo_documento 
    from
        empleado e1_0
Hibernate: 
    select
        e1_0.id_empleado,
        e1_0.apellidos,
        e1_0.estado_civil,
        e1_0.fecha_nacimiento,
        e1_0.nombre,
        e1_0.numero_documento,
        e1_0.tipo_documento 
    from
        empleado e1_0
2026-08-01T23:10:47.556-05:00 DEBUG 3432 --- [sgp] [nio-8080-exec-6] org.hibernate.SQL                        : 
    select
        c1_0.id_contrato,
        e1_0.id_empleado,
        e1_0.apellidos,
        e1_0.estado_civil,
        e1_0.fecha_nacimiento,
        e1_0.nombre,
        e1_0.numero_documento,
        e1_0.tipo_documento,
        c1_0.fecha_fin,
        c1_0.fecha_inicio,
        c1_0.salario,
        c1_0.tipo_contrato 
    from
        contrato c1_0 
    left join
        empleado e1_0 
            on e1_0.id_empleado=c1_0.id_empleado
Hibernate: 
    select
        c1_0.id_contrato,
        e1_0.id_empleado,
        e1_0.apellidos,
        e1_0.estado_civil,
        e1_0.fecha_nacimiento,
        e1_0.nombre,
        e1_0.numero_documento,
        e1_0.tipo_documento,
        c1_0.fecha_fin,
        c1_0.fecha_inicio,
        c1_0.salario,
        c1_0.tipo_contrato 
    from
        contrato c1_0 
    left join
        empleado e1_0 
            on e1_0.id_empleado=c1_0.id_empleado
2026-08-01T23:10:47.684-05:00 DEBUG 3432 --- [sgp] [nio-8080-exec-7] org.hibernate.SQL                        : 
    select
        e1_0.id_empleado,
        e1_0.apellidos,
        e1_0.estado_civil,
        e1_0.fecha_nacimiento,
        e1_0.nombre,
        e1_0.numero_documento,
        e1_0.tipo_documento 
    from
        empleado e1_0
Hibernate: 
    select
        e1_0.id_empleado,
        e1_0.apellidos,
        e1_0.estado_civil,
        e1_0.fecha_nacimiento,
        e1_0.nombre,
        e1_0.numero_documento,
        e1_0.tipo_documento 
    from
        empleado e1_0
2026-08-01T23:10:47.712-05:00 DEBUG 3432 --- [sgp] [nio-8080-exec-8] org.hibernate.SQL                        : 
    select
        c1_0.id_contrato,
        e1_0.id_empleado,
        e1_0.apellidos,
        e1_0.estado_civil,
        e1_0.fecha_nacimiento,
        e1_0.nombre,
        e1_0.numero_documento,
        e1_0.tipo_documento,
        c1_0.fecha_fin,
        c1_0.fecha_inicio,
        c1_0.salario,
        c1_0.tipo_contrato 
    from
        contrato c1_0 
    left join
        empleado e1_0 
            on e1_0.id_empleado=c1_0.id_empleado
Hibernate: 
    select
        c1_0.id_contrato,
        e1_0.id_empleado,
        e1_0.apellidos,
        e1_0.estado_civil,
        e1_0.fecha_nacimiento,
        e1_0.nombre,
        e1_0.numero_documento,
        e1_0.tipo_documento,
        c1_0.fecha_fin,
        c1_0.fecha_inicio,
        c1_0.salario,
        c1_0.tipo_contrato 
    from
        contrato c1_0 
    left join
        empleado e1_0 
            on e1_0.id_empleado=c1_0.id_empleado
2026-08-01T23:10:49.318-05:00 DEBUG 3432 --- [sgp] [nio-8080-exec-9] org.hibernate.SQL                        : 
    select
        count(*) 
    from
        nomina n1_0 
    where
        n1_0.id_nomina=?
Hibernate: 
    select
        count(*) 
    from
        nomina n1_0 
    where
        n1_0.id_nomina=?
2026-08-01T23:10:49.351-05:00 DEBUG 3432 --- [sgp] [nio-8080-exec-9] org.hibernate.SQL                        : 
    select
        dn1_0.id_detalle,
        dn1_0.descripcion,
        dn1_0.estado,
        dn1_0.fecha,
        dn1_0.id_nomina,
        dn1_0.tipo_concepto,
        dn1_0.valor 
    from
        detalle_nomina dn1_0 
    left join
        nomina n1_0 
            on n1_0.id_nomina=dn1_0.id_nomina 
    where
        n1_0.id_nomina=?
Hibernate: 
    select
        dn1_0.id_detalle,
        dn1_0.descripcion,
        dn1_0.estado,
        dn1_0.fecha,
        dn1_0.id_nomina,
        dn1_0.tipo_concepto,
        dn1_0.valor 
    from
        detalle_nomina dn1_0 
    left join
        nomina n1_0 
            on n1_0.id_nomina=dn1_0.id_nomina 
    where
        n1_0.id_nomina=?
2026-08-01T23:10:49.368-05:00 DEBUG 3432 --- [sgp] [nio-8080-exec-9] org.hibernate.SQL                        : 
    select
        rn1_0.id_reporte,
        rn1_0.id_empleado,
        rn1_0.fecha_generacion,
        rn1_0.id_nomina,
        rn1_0.total_bonificaciones,
        rn1_0.total_deducciones,
        rn1_0.total_pagado,
        rn1_0.total_salario 
    from
        reporte_nomina rn1_0 
    left join
        nomina n1_0 
            on n1_0.id_nomina=rn1_0.id_nomina 
    where
        n1_0.id_nomina=?
Hibernate: 
    select
        rn1_0.id_reporte,
        rn1_0.id_empleado,
        rn1_0.fecha_generacion,
        rn1_0.id_nomina,
        rn1_0.total_bonificaciones,
        rn1_0.total_deducciones,
        rn1_0.total_pagado,
        rn1_0.total_salario 
    from
        reporte_nomina rn1_0 
    left join
        nomina n1_0 
            on n1_0.id_nomina=rn1_0.id_nomina 
    where
        n1_0.id_nomina=?
2026-08-01T23:10:49.381-05:00 DEBUG 3432 --- [sgp] [nio-8080-exec-9] org.hibernate.SQL                        : 
    select
        n1_0.id_nomina,
        n1_0.bonificaciones,
        n1_0.id_contrato,
        n1_0.deducciones,
        n1_0.departamento,
        n1_0.id_empleado,
        n1_0.estado,
        n1_0.fecha_pago,
        n1_0.municipio,
        n1_0.salario_base,
        n1_0.total_pagado 
    from
        nomina n1_0 
    where
        n1_0.id_nomina=?
Hibernate: 
    select
        n1_0.id_nomina,
        n1_0.bonificaciones,
        n1_0.id_contrato,
        n1_0.deducciones,
        n1_0.departamento,
        n1_0.id_empleado,
        n1_0.estado,
        n1_0.fecha_pago,
        n1_0.municipio,
        n1_0.salario_base,
        n1_0.total_pagado 
    from
        nomina n1_0 
    where
        n1_0.id_nomina=?
2026-08-01T23:10:49.394-05:00 DEBUG 3432 --- [sgp] [nio-8080-exec-9] org.hibernate.SQL                        : 
    delete 
    from
        detalle_nomina 
    where
        id_detalle=?
Hibernate: 
    delete 
    from
        detalle_nomina 
    where
        id_detalle=?
2026-08-01T23:10:49.405-05:00 DEBUG 3432 --- [sgp] [nio-8080-exec-9] org.hibernate.SQL                        : 
    delete 
    from
        detalle_nomina 
    where
        id_detalle=?
Hibernate: 
    delete 
    from
        detalle_nomina 
    where
        id_detalle=?
2026-08-01T23:10:49.411-05:00 DEBUG 3432 --- [sgp] [nio-8080-exec-9] org.hibernate.SQL                        : 
    delete 
    from
        detalle_nomina 
    where
        id_detalle=?
Hibernate: 
    delete 
    from
        detalle_nomina 
    where
        id_detalle=?
2026-08-01T23:10:49.416-05:00 DEBUG 3432 --- [sgp] [nio-8080-exec-9] org.hibernate.SQL                        : 
    delete 
    from
        reporte_nomina 
    where
        id_reporte=?
Hibernate: 
    delete 
    from
        reporte_nomina 
    where
        id_reporte=?
2026-08-01T23:10:49.420-05:00 DEBUG 3432 --- [sgp] [nio-8080-exec-9] org.hibernate.SQL                        : 
    delete 
    from
        nomina 
    where
        id_nomina=?
Hibernate: 
    delete 
    from
        nomina 
    where
        id_nomina=?
2026-08-01T23:10:49.448-05:00 DEBUG 3432 --- [sgp] [io-8080-exec-10] org.hibernate.SQL                        : 
    select
        n1_0.id_nomina,
        n1_0.bonificaciones,
        n1_0.id_contrato,
        c1_0.id_contrato,
        c1_0.id_empleado,
        c1_0.fecha_fin,
        c1_0.fecha_inicio,
        c1_0.salario,
        c1_0.tipo_contrato,
        n1_0.deducciones,
        n1_0.departamento,
        n1_0.id_empleado,
        e2_0.id_empleado,
        e2_0.apellidos,
        e2_0.estado_civil,
        e2_0.fecha_nacimiento,
        e2_0.nombre,
        e2_0.numero_documento,
        e2_0.tipo_documento,
        n1_0.estado,
        n1_0.fecha_pago,
        n1_0.municipio,
        n1_0.salario_base,
        n1_0.total_pagado 
    from
        nomina n1_0 
    join
        contrato c1_0 
            on c1_0.id_contrato=n1_0.id_contrato 
    join
        empleado e2_0 
            on e2_0.id_empleado=n1_0.id_empleado
Hibernate: 
    select
        n1_0.id_nomina,
        n1_0.bonificaciones,
        n1_0.id_contrato,
        c1_0.id_contrato,
        c1_0.id_empleado,
        c1_0.fecha_fin,
        c1_0.fecha_inicio,
        c1_0.salario,
        c1_0.tipo_contrato,
        n1_0.deducciones,
        n1_0.departamento,
        n1_0.id_empleado,
        e2_0.id_empleado,
        e2_0.apellidos,
        e2_0.estado_civil,
        e2_0.fecha_nacimiento,
        e2_0.nombre,
        e2_0.numero_documento,
        e2_0.tipo_documento,
        n1_0.estado,
        n1_0.fecha_pago,
        n1_0.municipio,
        n1_0.salario_base,
        n1_0.total_pagado 
    from
        nomina n1_0 
    join
        contrato c1_0 
            on c1_0.id_contrato=n1_0.id_contrato 
    join
        empleado e2_0 
            on e2_0.id_empleado=n1_0.id_empleado
2026-08-01T23:10:55.709-05:00 DEBUG 3432 --- [sgp] [nio-8080-exec-2] org.hibernate.SQL                        : 
    select
        count(*) 
    from
        nomina n1_0 
    where
        n1_0.id_nomina=?
Hibernate: 
    select
        count(*) 
    from
        nomina n1_0 
    where
        n1_0.id_nomina=?
2026-08-01T23:10:55.717-05:00 DEBUG 3432 --- [sgp] [nio-8080-exec-2] org.hibernate.SQL                        : 
    select
        dn1_0.id_detalle,
        dn1_0.descripcion,
        dn1_0.estado,
        dn1_0.fecha,
        dn1_0.id_nomina,
        dn1_0.tipo_concepto,
        dn1_0.valor 
    from
        detalle_nomina dn1_0 
    left join
        nomina n1_0 
            on n1_0.id_nomina=dn1_0.id_nomina 
    where
        n1_0.id_nomina=?
Hibernate: 
    select
        dn1_0.id_detalle,
        dn1_0.descripcion,
        dn1_0.estado,
        dn1_0.fecha,
        dn1_0.id_nomina,
        dn1_0.tipo_concepto,
        dn1_0.valor 
    from
        detalle_nomina dn1_0 
    left join
        nomina n1_0 
            on n1_0.id_nomina=dn1_0.id_nomina 
    where
        n1_0.id_nomina=?
2026-08-01T23:10:55.727-05:00 DEBUG 3432 --- [sgp] [nio-8080-exec-2] org.hibernate.SQL                        : 
    select
        rn1_0.id_reporte,
        rn1_0.id_empleado,
        rn1_0.fecha_generacion,
        rn1_0.id_nomina,
        rn1_0.total_bonificaciones,
        rn1_0.total_deducciones,
        rn1_0.total_pagado,
        rn1_0.total_salario 
    from
        reporte_nomina rn1_0 
    left join
        nomina n1_0 
            on n1_0.id_nomina=rn1_0.id_nomina 
    where
        n1_0.id_nomina=?
Hibernate: 
    select
        rn1_0.id_reporte,
        rn1_0.id_empleado,
        rn1_0.fecha_generacion,
        rn1_0.id_nomina,
        rn1_0.total_bonificaciones,
        rn1_0.total_deducciones,
        rn1_0.total_pagado,
        rn1_0.total_salario 
    from
        reporte_nomina rn1_0 
    left join
        nomina n1_0 
            on n1_0.id_nomina=rn1_0.id_nomina 
    where
        n1_0.id_nomina=?
2026-08-01T23:10:55.734-05:00 DEBUG 3432 --- [sgp] [nio-8080-exec-2] org.hibernate.SQL                        : 
    select
        n1_0.id_nomina,
        n1_0.bonificaciones,
        n1_0.id_contrato,
        n1_0.deducciones,
        n1_0.departamento,
        n1_0.id_empleado,
        n1_0.estado,
        n1_0.fecha_pago,
        n1_0.municipio,
        n1_0.salario_base,
        n1_0.total_pagado 
    from
        nomina n1_0 
    where
        n1_0.id_nomina=?
Hibernate: 
    select
        n1_0.id_nomina,
        n1_0.bonificaciones,
        n1_0.id_contrato,
        n1_0.deducciones,
        n1_0.departamento,
        n1_0.id_empleado,
        n1_0.estado,
        n1_0.fecha_pago,
        n1_0.municipio,
        n1_0.salario_base,
        n1_0.total_pagado 
    from
        nomina n1_0 
    where
        n1_0.id_nomina=?
2026-08-01T23:10:55.741-05:00 DEBUG 3432 --- [sgp] [nio-8080-exec-2] org.hibernate.SQL                        : 
    delete 
    from
        detalle_nomina 
    where
        id_detalle=?
Hibernate: 
    delete 
    from
        detalle_nomina 
    where
        id_detalle=?
2026-08-01T23:10:55.748-05:00 DEBUG 3432 --- [sgp] [nio-8080-exec-2] org.hibernate.SQL                        : 
    delete 
    from
        detalle_nomina 
    where
        id_detalle=?
Hibernate: 
    delete 
    from
        detalle_nomina 
    where
        id_detalle=?
2026-08-01T23:10:55.755-05:00 DEBUG 3432 --- [sgp] [nio-8080-exec-2] org.hibernate.SQL                        : 
    delete 
    from
        detalle_nomina 
    where
        id_detalle=?
Hibernate: 
    delete 
    from
        detalle_nomina 
    where
        id_detalle=?
2026-08-01T23:10:55.761-05:00 DEBUG 3432 --- [sgp] [nio-8080-exec-2] org.hibernate.SQL                        : 
    delete 
    from
        reporte_nomina 
    where
        id_reporte=?
Hibernate: 
    delete 
    from
        reporte_nomina 
    where
        id_reporte=?
2026-08-01T23:10:55.767-05:00 DEBUG 3432 --- [sgp] [nio-8080-exec-2] org.hibernate.SQL                        : 
    delete 
    from
        nomina 
    where
        id_nomina=?
Hibernate: 
    delete 
    from
        nomina 
    where
        id_nomina=?
2026-08-01T23:10:55.806-05:00 DEBUG 3432 --- [sgp] [nio-8080-exec-1] org.hibernate.SQL                        : 
    select
        n1_0.id_nomina,
        n1_0.bonificaciones,
        n1_0.id_contrato,
        c1_0.id_contrato,
        c1_0.id_empleado,
        c1_0.fecha_fin,
        c1_0.fecha_inicio,
        c1_0.salario,
        c1_0.tipo_contrato,
        n1_0.deducciones,
        n1_0.departamento,
        n1_0.id_empleado,
        e2_0.id_empleado,
        e2_0.apellidos,
        e2_0.estado_civil,
        e2_0.fecha_nacimiento,
        e2_0.nombre,
        e2_0.numero_documento,
        e2_0.tipo_documento,
        n1_0.estado,
        n1_0.fecha_pago,
        n1_0.municipio,
        n1_0.salario_base,
        n1_0.total_pagado 
    from
        nomina n1_0 
    join
        contrato c1_0 
            on c1_0.id_contrato=n1_0.id_contrato 
    join
        empleado e2_0 
            on e2_0.id_empleado=n1_0.id_empleado
Hibernate: 
    select
        n1_0.id_nomina,
        n1_0.bonificaciones,
        n1_0.id_contrato,
        c1_0.id_contrato,
        c1_0.id_empleado,
        c1_0.fecha_fin,
        c1_0.fecha_inicio,
        c1_0.salario,
        c1_0.tipo_contrato,
        n1_0.deducciones,
        n1_0.departamento,
        n1_0.id_empleado,
        e2_0.id_empleado,
        e2_0.apellidos,
        e2_0.estado_civil,
        e2_0.fecha_nacimiento,
        e2_0.nombre,
        e2_0.numero_documento,
        e2_0.tipo_documento,
        n1_0.estado,
        n1_0.fecha_pago,
        n1_0.municipio,
        n1_0.salario_base,
        n1_0.total_pagado 
    from
        nomina n1_0 
    join
        contrato c1_0 
            on c1_0.id_contrato=n1_0.id_contrato 
    join
        empleado e2_0 
            on e2_0.id_empleado=n1_0.id_empleado
2026-08-01T23:10:58.663-05:00 DEBUG 3432 --- [sgp] [nio-8080-exec-3] org.hibernate.SQL                        : 
    select
        u1_0.id,
        u1_0.activo,
        u1_0.correo,
        e1_0.id_empleado,
        e1_0.apellidos,
        e1_0.estado_civil,
        e1_0.fecha_nacimiento,
        e1_0.nombre,
        e1_0.numero_documento,
        e1_0.tipo_documento,
        u1_0.password,
        u1_0.rol 
    from
        usuario u1_0 
    left join
        empleado e1_0 
            on e1_0.id_empleado=u1_0.id_empleado
Hibernate: 
    select
        u1_0.id,
        u1_0.activo,
        u1_0.correo,
        e1_0.id_empleado,
        e1_0.apellidos,
        e1_0.estado_civil,
        e1_0.fecha_nacimiento,
        e1_0.nombre,
        e1_0.numero_documento,
        e1_0.tipo_documento,
        u1_0.password,
        u1_0.rol 
    from
        usuario u1_0 
    left join
        empleado e1_0 
            on e1_0.id_empleado=u1_0.id_empleado
2026-08-01T23:10:58.690-05:00 DEBUG 3432 --- [sgp] [nio-8080-exec-5] org.hibernate.SQL                        : 
    select
        u1_0.id,
        u1_0.activo,
        u1_0.correo,
        e1_0.id_empleado,
        e1_0.apellidos,
        e1_0.estado_civil,
        e1_0.fecha_nacimiento,
        e1_0.nombre,
        e1_0.numero_documento,
        e1_0.tipo_documento,
        u1_0.password,
        u1_0.rol 
    from
        usuario u1_0 
    left join
        empleado e1_0 
            on e1_0.id_empleado=u1_0.id_empleado
2026-08-01T23:10:58.692-05:00 DEBUG 3432 --- [sgp] [nio-8080-exec-6] org.hibernate.SQL                        : 
    select
        e1_0.id_empleado,
        e1_0.apellidos,
        e1_0.estado_civil,
        e1_0.fecha_nacimiento,
        e1_0.nombre,
        e1_0.numero_documento,
        e1_0.tipo_documento 
    from
        empleado e1_0
Hibernate: 
    select
        u1_0.id,
        u1_0.activo,
        u1_0.correo,
        e1_0.id_empleado,
        e1_0.apellidos,
        e1_0.estado_civil,
        e1_0.fecha_nacimiento,
        e1_0.nombre,
        e1_0.numero_documento,
        e1_0.tipo_documento,
        u1_0.password,
        u1_0.rol 
    from
        usuario u1_0 
    left join
        empleado e1_0 
            on e1_0.id_empleado=u1_0.id_empleado
Hibernate: 
    select
        e1_0.id_empleado,
        e1_0.apellidos,
        e1_0.estado_civil,
        e1_0.fecha_nacimiento,
        e1_0.nombre,
        e1_0.numero_documento,
        e1_0.tipo_documento 
    from
        empleado e1_0
2026-08-01T23:10:58.732-05:00 DEBUG 3432 --- [sgp] [nio-8080-exec-4] org.hibernate.SQL                        : 
    select
        e1_0.id_empleado,
        e1_0.apellidos,
        e1_0.estado_civil,
        e1_0.fecha_nacimiento,
        e1_0.nombre,
        e1_0.numero_documento,
        e1_0.tipo_documento 
    from
        empleado e1_0
Hibernate: 
    select
        e1_0.id_empleado,
        e1_0.apellidos,
        e1_0.estado_civil,
        e1_0.fecha_nacimiento,
        e1_0.nombre,
        e1_0.numero_documento,
        e1_0.tipo_documento 
    from
        empleado e1_0
2026-08-01T23:10:59.193-05:00 DEBUG 3432 --- [sgp] [nio-8080-exec-7] org.hibernate.SQL                        : 
    select
        c1_0.id_contrato,
        e1_0.id_empleado,
        e1_0.apellidos,
        e1_0.estado_civil,
        e1_0.fecha_nacimiento,
        e1_0.nombre,
        e1_0.numero_documento,
        e1_0.tipo_documento,
        c1_0.fecha_fin,
        c1_0.fecha_inicio,
        c1_0.salario,
        c1_0.tipo_contrato 
    from
        contrato c1_0 
    left join
        empleado e1_0 
            on e1_0.id_empleado=c1_0.id_empleado
Hibernate: 
    select
        c1_0.id_contrato,
        e1_0.id_empleado,
        e1_0.apellidos,
        e1_0.estado_civil,
        e1_0.fecha_nacimiento,
        e1_0.nombre,
        e1_0.numero_documento,
        e1_0.tipo_documento,
        c1_0.fecha_fin,
        c1_0.fecha_inicio,
        c1_0.salario,
        c1_0.tipo_contrato 
    from
        contrato c1_0 
    left join
        empleado e1_0 
            on e1_0.id_empleado=c1_0.id_empleado
2026-08-01T23:10:59.216-05:00 DEBUG 3432 --- [sgp] [nio-8080-exec-8] org.hibernate.SQL                        : 
    select
        c1_0.id_contrato,
        e1_0.id_empleado,
        e1_0.apellidos,
        e1_0.estado_civil,
        e1_0.fecha_nacimiento,
        e1_0.nombre,
        e1_0.numero_documento,
        e1_0.tipo_documento,
        c1_0.fecha_fin,
        c1_0.fecha_inicio,
        c1_0.salario,
        c1_0.tipo_contrato 
    from
        contrato c1_0 
    left join
        empleado e1_0 
            on e1_0.id_empleado=c1_0.id_empleado
Hibernate: 
    select
        c1_0.id_contrato,
        e1_0.id_empleado,
        e1_0.apellidos,
        e1_0.estado_civil,
        e1_0.fecha_nacimiento,
        e1_0.nombre,
        e1_0.numero_documento,
        e1_0.tipo_documento,
        c1_0.fecha_fin,
        c1_0.fecha_inicio,
        c1_0.salario,
        c1_0.tipo_contrato 
    from
        contrato c1_0 
    left join
        empleado e1_0 
            on e1_0.id_empleado=c1_0.id_empleado
2026-08-01T23:10:59.219-05:00 DEBUG 3432 --- [sgp] [nio-8080-exec-9] org.hibernate.SQL                        : 
    select
        e1_0.id_empleado,
        e1_0.apellidos,
        e1_0.estado_civil,
        e1_0.fecha_nacimiento,
        e1_0.nombre,
        e1_0.numero_documento,
        e1_0.tipo_documento 
    from
        empleado e1_0
Hibernate: 
    select
        e1_0.id_empleado,
        e1_0.apellidos,
        e1_0.estado_civil,
        e1_0.fecha_nacimiento,
        e1_0.nombre,
        e1_0.numero_documento,
        e1_0.tipo_documento 
    from
        empleado e1_0
2026-08-01T23:10:59.255-05:00 DEBUG 3432 --- [sgp] [io-8080-exec-10] org.hibernate.SQL                        : 
    select
        e1_0.id_empleado,
        e1_0.apellidos,
        e1_0.estado_civil,
        e1_0.fecha_nacimiento,
        e1_0.nombre,
        e1_0.numero_documento,
        e1_0.tipo_documento 
    from
        empleado e1_0
Hibernate: 
    select
        e1_0.id_empleado,
        e1_0.apellidos,
        e1_0.estado_civil,
        e1_0.fecha_nacimiento,
        e1_0.nombre,
        e1_0.numero_documento,
        e1_0.tipo_documento 
    from
        empleado e1_0
2026-08-01T23:11:02.002-05:00 DEBUG 3432 --- [sgp] [nio-8080-exec-2] org.hibernate.SQL                        : 
    select
        c1_0.id_contrato,
        c1_0.id_empleado,
        c1_0.fecha_fin,
        c1_0.fecha_inicio,
        c1_0.salario,
        c1_0.tipo_contrato 
    from
        contrato c1_0 
    where
        c1_0.id_contrato=?
Hibernate: 
    select
        c1_0.id_contrato,
        c1_0.id_empleado,
        c1_0.fecha_fin,
        c1_0.fecha_inicio,
        c1_0.salario,
        c1_0.tipo_contrato 
    from
        contrato c1_0 
    where
        c1_0.id_contrato=?
2026-08-01T23:11:02.025-05:00 DEBUG 3432 --- [sgp] [nio-8080-exec-2] org.hibernate.SQL                        : 
    delete 
    from
        contrato 
    where
        id_contrato=?
Hibernate: 
    delete 
    from
        contrato 
    where
        id_contrato=?
2026-08-01T23:11:02.048-05:00 DEBUG 3432 --- [sgp] [nio-8080-exec-1] org.hibernate.SQL                        : 
    select
        c1_0.id_contrato,
        e1_0.id_empleado,
        e1_0.apellidos,
        e1_0.estado_civil,
        e1_0.fecha_nacimiento,
        e1_0.nombre,
        e1_0.numero_documento,
        e1_0.tipo_documento,
        c1_0.fecha_fin,
        c1_0.fecha_inicio,
        c1_0.salario,
        c1_0.tipo_contrato 
    from
        contrato c1_0 
    left join
        empleado e1_0 
            on e1_0.id_empleado=c1_0.id_empleado
Hibernate: 
    select
        c1_0.id_contrato,
        e1_0.id_empleado,
        e1_0.apellidos,
        e1_0.estado_civil,
        e1_0.fecha_nacimiento,
        e1_0.nombre,
        e1_0.numero_documento,
        e1_0.tipo_documento,
        c1_0.fecha_fin,
        c1_0.fecha_inicio,
        c1_0.salario,
        c1_0.tipo_contrato 
    from
        contrato c1_0 
    left join
        empleado e1_0 
            on e1_0.id_empleado=c1_0.id_empleado
2026-08-01T23:11:05.542-05:00 DEBUG 3432 --- [sgp] [nio-8080-exec-3] org.hibernate.SQL                        : 
    select
        c1_0.id_contrato,
        c1_0.id_empleado,
        c1_0.fecha_fin,
        c1_0.fecha_inicio,
        c1_0.salario,
        c1_0.tipo_contrato 
    from
        contrato c1_0 
    where
        c1_0.id_contrato=?
Hibernate: 
    select
        c1_0.id_contrato,
        c1_0.id_empleado,
        c1_0.fecha_fin,
        c1_0.fecha_inicio,
        c1_0.salario,
        c1_0.tipo_contrato 
    from
        contrato c1_0 
    where
        c1_0.id_contrato=?
2026-08-01T23:11:05.546-05:00 DEBUG 3432 --- [sgp] [nio-8080-exec-3] org.hibernate.SQL                        : 
    delete 
    from
        contrato 
    where
        id_contrato=?
Hibernate: 
    delete 
    from
        contrato 
    where
        id_contrato=?
2026-08-01T23:11:05.570-05:00 DEBUG 3432 --- [sgp] [nio-8080-exec-6] org.hibernate.SQL                        : 
    select
        c1_0.id_contrato,
        e1_0.id_empleado,
        e1_0.apellidos,
        e1_0.estado_civil,
        e1_0.fecha_nacimiento,
        e1_0.nombre,
        e1_0.numero_documento,
        e1_0.tipo_documento,
        c1_0.fecha_fin,
        c1_0.fecha_inicio,
        c1_0.salario,
        c1_0.tipo_contrato 
    from
        contrato c1_0 
    left join
        empleado e1_0 
            on e1_0.id_empleado=c1_0.id_empleado
Hibernate: 
    select
        c1_0.id_contrato,
        e1_0.id_empleado,
        e1_0.apellidos,
        e1_0.estado_civil,
        e1_0.fecha_nacimiento,
        e1_0.nombre,
        e1_0.numero_documento,
        e1_0.tipo_documento,
        c1_0.fecha_fin,
        c1_0.fecha_inicio,
        c1_0.salario,
        c1_0.tipo_contrato 
    from
        contrato c1_0 
    left join
        empleado e1_0 
            on e1_0.id_empleado=c1_0.id_empleado
2026-08-01T23:11:07.723-05:00 DEBUG 3432 --- [sgp] [nio-8080-exec-5] org.hibernate.SQL                        : 
    select
        e1_0.id_empleado,
        e1_0.apellidos,
        e1_0.estado_civil,
        e1_0.fecha_nacimiento,
        e1_0.nombre,
        e1_0.numero_documento,
        e1_0.tipo_documento 
    from
        empleado e1_0
Hibernate: 
    select
        e1_0.id_empleado,
        e1_0.apellidos,
        e1_0.estado_civil,
        e1_0.fecha_nacimiento,
        e1_0.nombre,
        e1_0.numero_documento,
        e1_0.tipo_documento 
    from
        empleado e1_0
2026-08-01T23:11:07.742-05:00 DEBUG 3432 --- [sgp] [nio-8080-exec-4] org.hibernate.SQL                        : 
    select
        e1_0.id_empleado,
        e1_0.apellidos,
        e1_0.estado_civil,
        e1_0.fecha_nacimiento,
        e1_0.nombre,
        e1_0.numero_documento,
        e1_0.tipo_documento 
    from
        empleado e1_0
Hibernate: 
    select
        e1_0.id_empleado,
        e1_0.apellidos,
        e1_0.estado_civil,
        e1_0.fecha_nacimiento,
        e1_0.nombre,
        e1_0.numero_documento,
        e1_0.tipo_documento 
    from
        empleado e1_0
2026-08-01T23:11:10.752-05:00 DEBUG 3432 --- [sgp] [nio-8080-exec-7] org.hibernate.SQL                        : 
    select
        e1_0.id_empleado,
        e1_0.apellidos,
        e1_0.estado_civil,
        e1_0.fecha_nacimiento,
        e1_0.nombre,
        e1_0.numero_documento,
        e1_0.tipo_documento 
    from
        empleado e1_0 
    where
        e1_0.id_empleado=?
Hibernate: 
    select
        e1_0.id_empleado,
        e1_0.apellidos,
        e1_0.estado_civil,
        e1_0.fecha_nacimiento,
        e1_0.nombre,
        e1_0.numero_documento,
        e1_0.tipo_documento 
    from
        empleado e1_0 
    where
        e1_0.id_empleado=?
2026-08-01T23:11:10.784-05:00 DEBUG 3432 --- [sgp] [nio-8080-exec-7] org.hibernate.SQL                        : 
    select
        n1_0.id_nomina,
        n1_0.bonificaciones,
        n1_0.id_contrato,
        c1_0.id_contrato,
        c1_0.id_empleado,
        c1_0.fecha_fin,
        c1_0.fecha_inicio,
        c1_0.salario,
        c1_0.tipo_contrato,
        n1_0.deducciones,
        n1_0.departamento,
        n1_0.id_empleado,
        e3_0.id_empleado,
        e3_0.apellidos,
        e3_0.estado_civil,
        e3_0.fecha_nacimiento,
        e3_0.nombre,
        e3_0.numero_documento,
        e3_0.tipo_documento,
        n1_0.estado,
        n1_0.fecha_pago,
        n1_0.municipio,
        n1_0.salario_base,
        n1_0.total_pagado 
    from
        nomina n1_0 
    left join
        empleado e1_0 
            on e1_0.id_empleado=n1_0.id_empleado 
    join
        contrato c1_0 
            on c1_0.id_contrato=n1_0.id_contrato 
    join
        empleado e3_0 
            on e3_0.id_empleado=n1_0.id_empleado 
    where
        e1_0.id_empleado=?
Hibernate: 
    select
        n1_0.id_nomina,
        n1_0.bonificaciones,
        n1_0.id_contrato,
        c1_0.id_contrato,
        c1_0.id_empleado,
        c1_0.fecha_fin,
        c1_0.fecha_inicio,
        c1_0.salario,
        c1_0.tipo_contrato,
        n1_0.deducciones,
        n1_0.departamento,
        n1_0.id_empleado,
        e3_0.id_empleado,
        e3_0.apellidos,
        e3_0.estado_civil,
        e3_0.fecha_nacimiento,
        e3_0.nombre,
        e3_0.numero_documento,
        e3_0.tipo_documento,
        n1_0.estado,
        n1_0.fecha_pago,
        n1_0.municipio,
        n1_0.salario_base,
        n1_0.total_pagado 
    from
        nomina n1_0 
    left join
        empleado e1_0 
            on e1_0.id_empleado=n1_0.id_empleado 
    join
        contrato c1_0 
            on c1_0.id_contrato=n1_0.id_contrato 
    join
        empleado e3_0 
            on e3_0.id_empleado=n1_0.id_empleado 
    where
        e1_0.id_empleado=?
2026-08-01T23:11:10.806-05:00 DEBUG 3432 --- [sgp] [nio-8080-exec-7] org.hibernate.SQL                        : 
    select
        c1_0.id_contrato,
        e2_0.id_empleado,
        e2_0.apellidos,
        e2_0.estado_civil,
        e2_0.fecha_nacimiento,
        e2_0.nombre,
        e2_0.numero_documento,
        e2_0.tipo_documento,
        c1_0.fecha_fin,
        c1_0.fecha_inicio,
        c1_0.salario,
        c1_0.tipo_contrato 
    from
        contrato c1_0 
    left join
        empleado e1_0 
            on e1_0.id_empleado=c1_0.id_empleado 
    left join
        empleado e2_0 
            on e2_0.id_empleado=c1_0.id_empleado 
    where
        e1_0.id_empleado=?
Hibernate: 
    select
        c1_0.id_contrato,
        e2_0.id_empleado,
        e2_0.apellidos,
        e2_0.estado_civil,
        e2_0.fecha_nacimiento,
        e2_0.nombre,
        e2_0.numero_documento,
        e2_0.tipo_documento,
        c1_0.fecha_fin,
        c1_0.fecha_inicio,
        c1_0.salario,
        c1_0.tipo_contrato 
    from
        contrato c1_0 
    left join
        empleado e1_0 
            on e1_0.id_empleado=c1_0.id_empleado 
    left join
        empleado e2_0 
            on e2_0.id_empleado=c1_0.id_empleado 
    where
        e1_0.id_empleado=?
2026-08-01T23:11:10.820-05:00 DEBUG 3432 --- [sgp] [nio-8080-exec-7] org.hibernate.SQL                        : 
    select
        ae1_0.id,
        ae1_0.fecha_subida,
        ae1_0.id_empleado,
        ae1_0.mime_type,
        ae1_0.nombre_archivo,
        ae1_0.nombre_original,
        ae1_0.ruta,
        ae1_0.tamano,
        ae1_0.tipo 
    from
        archivo_empleado ae1_0 
    where
        ae1_0.id_empleado=?
Hibernate: 
    select
        ae1_0.id,
        ae1_0.fecha_subida,
        ae1_0.id_empleado,
        ae1_0.mime_type,
        ae1_0.nombre_archivo,
        ae1_0.nombre_original,
        ae1_0.ruta,
        ae1_0.tamano,
        ae1_0.tipo 
    from
        archivo_empleado ae1_0 
    where
        ae1_0.id_empleado=?
2026-08-01T23:11:10.842-05:00 DEBUG 3432 --- [sgp] [nio-8080-exec-7] org.hibernate.SQL                        : 
    select
        u1_0.id,
        u1_0.activo,
        u1_0.correo,
        e2_0.id_empleado,
        e2_0.apellidos,
        e2_0.estado_civil,
        e2_0.fecha_nacimiento,
        e2_0.nombre,
        e2_0.numero_documento,
        e2_0.tipo_documento,
        u1_0.password,
        u1_0.rol 
    from
        usuario u1_0 
    left join
        empleado e1_0 
            on e1_0.id_empleado=u1_0.id_empleado 
    left join
        empleado e2_0 
            on e2_0.id_empleado=u1_0.id_empleado 
    where
        e1_0.id_empleado=?
Hibernate: 
    select
        u1_0.id,
        u1_0.activo,
        u1_0.correo,
        e2_0.id_empleado,
        e2_0.apellidos,
        e2_0.estado_civil,
        e2_0.fecha_nacimiento,
        e2_0.nombre,
        e2_0.numero_documento,
        e2_0.tipo_documento,
        u1_0.password,
        u1_0.rol 
    from
        usuario u1_0 
    left join
        empleado e1_0 
            on e1_0.id_empleado=u1_0.id_empleado 
    left join
        empleado e2_0 
            on e2_0.id_empleado=u1_0.id_empleado 
    where
        e1_0.id_empleado=?
2026-08-01T23:11:10.858-05:00 DEBUG 3432 --- [sgp] [nio-8080-exec-7] org.hibernate.SQL                        : 
    select
        c1_0.id_empleado,
        c1_0.id_contrato,
        c1_0.fecha_fin,
        c1_0.fecha_inicio,
        c1_0.salario,
        c1_0.tipo_contrato 
    from
        contrato c1_0 
    where
        c1_0.id_empleado=?
Hibernate: 
    select
        c1_0.id_empleado,
        c1_0.id_contrato,
        c1_0.fecha_fin,
        c1_0.fecha_inicio,
        c1_0.salario,
        c1_0.tipo_contrato 
    from
        contrato c1_0 
    where
        c1_0.id_empleado=?
2026-08-01T23:11:10.875-05:00 DEBUG 3432 --- [sgp] [nio-8080-exec-7] org.hibernate.SQL                        : 
    delete 
    from
        archivo_empleado 
    where
        id=?
Hibernate: 
    delete 
    from
        archivo_empleado 
    where
        id=?
2026-08-01T23:11:10.878-05:00 DEBUG 3432 --- [sgp] [nio-8080-exec-7] org.hibernate.SQL                        : 
    delete 
    from
        empleado 
    where
        id_empleado=?
Hibernate: 
    delete 
    from
        empleado 
    where
        id_empleado=?
2026-08-01T23:11:10.907-05:00 DEBUG 3432 --- [sgp] [nio-8080-exec-8] org.hibernate.SQL                        : 
    select
        e1_0.id_empleado,
        e1_0.apellidos,
        e1_0.estado_civil,
        e1_0.fecha_nacimiento,
        e1_0.nombre,
        e1_0.numero_documento,
        e1_0.tipo_documento 
    from
        empleado e1_0
Hibernate: 
    select
        e1_0.id_empleado,
        e1_0.apellidos,
        e1_0.estado_civil,
        e1_0.fecha_nacimiento,
        e1_0.nombre,
        e1_0.numero_documento,
        e1_0.tipo_documento 
    from
        empleado e1_0
2026-08-01T23:11:13.793-05:00 DEBUG 3432 --- [sgp] [nio-8080-exec-9] org.hibernate.SQL                        : 
    select
        e1_0.id_empleado,
        e1_0.apellidos,
        e1_0.estado_civil,
        e1_0.fecha_nacimiento,
        e1_0.nombre,
        e1_0.numero_documento,
        e1_0.tipo_documento 
    from
        empleado e1_0 
    where
        e1_0.id_empleado=?
Hibernate: 
    select
        e1_0.id_empleado,
        e1_0.apellidos,
        e1_0.estado_civil,
        e1_0.fecha_nacimiento,
        e1_0.nombre,
        e1_0.numero_documento,
        e1_0.tipo_documento 
    from
        empleado e1_0 
    where
        e1_0.id_empleado=?
2026-08-01T23:11:13.802-05:00 DEBUG 3432 --- [sgp] [nio-8080-exec-9] org.hibernate.SQL                        : 
    select
        n1_0.id_nomina,
        n1_0.bonificaciones,
        n1_0.id_contrato,
        c1_0.id_contrato,
        c1_0.id_empleado,
        c1_0.fecha_fin,
        c1_0.fecha_inicio,
        c1_0.salario,
        c1_0.tipo_contrato,
        n1_0.deducciones,
        n1_0.departamento,
        n1_0.id_empleado,
        e3_0.id_empleado,
        e3_0.apellidos,
        e3_0.estado_civil,
        e3_0.fecha_nacimiento,
        e3_0.nombre,
        e3_0.numero_documento,
        e3_0.tipo_documento,
        n1_0.estado,
        n1_0.fecha_pago,
        n1_0.municipio,
        n1_0.salario_base,
        n1_0.total_pagado 
    from
        nomina n1_0 
    left join
        empleado e1_0 
            on e1_0.id_empleado=n1_0.id_empleado 
    join
        contrato c1_0 
            on c1_0.id_contrato=n1_0.id_contrato 
    join
        empleado e3_0 
            on e3_0.id_empleado=n1_0.id_empleado 
    where
        e1_0.id_empleado=?
Hibernate: 
    select
        n1_0.id_nomina,
        n1_0.bonificaciones,
        n1_0.id_contrato,
        c1_0.id_contrato,
        c1_0.id_empleado,
        c1_0.fecha_fin,
        c1_0.fecha_inicio,
        c1_0.salario,
        c1_0.tipo_contrato,
        n1_0.deducciones,
        n1_0.departamento,
        n1_0.id_empleado,
        e3_0.id_empleado,
        e3_0.apellidos,
        e3_0.estado_civil,
        e3_0.fecha_nacimiento,
        e3_0.nombre,
        e3_0.numero_documento,
        e3_0.tipo_documento,
        n1_0.estado,
        n1_0.fecha_pago,
        n1_0.municipio,
        n1_0.salario_base,
        n1_0.total_pagado 
    from
        nomina n1_0 
    left join
        empleado e1_0 
            on e1_0.id_empleado=n1_0.id_empleado 
    join
        contrato c1_0 
            on c1_0.id_contrato=n1_0.id_contrato 
    join
        empleado e3_0 
            on e3_0.id_empleado=n1_0.id_empleado 
    where
        e1_0.id_empleado=?
2026-08-01T23:11:13.813-05:00 DEBUG 3432 --- [sgp] [nio-8080-exec-9] org.hibernate.SQL                        : 
    select
        c1_0.id_contrato,
        e2_0.id_empleado,
        e2_0.apellidos,
        e2_0.estado_civil,
        e2_0.fecha_nacimiento,
        e2_0.nombre,
        e2_0.numero_documento,
        e2_0.tipo_documento,
        c1_0.fecha_fin,
        c1_0.fecha_inicio,
        c1_0.salario,
        c1_0.tipo_contrato 
    from
        contrato c1_0 
    left join
        empleado e1_0 
            on e1_0.id_empleado=c1_0.id_empleado 
    left join
        empleado e2_0 
            on e2_0.id_empleado=c1_0.id_empleado 
    where
        e1_0.id_empleado=?
Hibernate: 
    select
        c1_0.id_contrato,
        e2_0.id_empleado,
        e2_0.apellidos,
        e2_0.estado_civil,
        e2_0.fecha_nacimiento,
        e2_0.nombre,
        e2_0.numero_documento,
        e2_0.tipo_documento,
        c1_0.fecha_fin,
        c1_0.fecha_inicio,
        c1_0.salario,
        c1_0.tipo_contrato 
    from
        contrato c1_0 
    left join
        empleado e1_0 
            on e1_0.id_empleado=c1_0.id_empleado 
    left join
        empleado e2_0 
            on e2_0.id_empleado=c1_0.id_empleado 
    where
        e1_0.id_empleado=?
2026-08-01T23:11:13.821-05:00 DEBUG 3432 --- [sgp] [nio-8080-exec-9] org.hibernate.SQL                        : 
    select
        ae1_0.id,
        ae1_0.fecha_subida,
        ae1_0.id_empleado,
        ae1_0.mime_type,
        ae1_0.nombre_archivo,
        ae1_0.nombre_original,
        ae1_0.ruta,
        ae1_0.tamano,
        ae1_0.tipo 
    from
        archivo_empleado ae1_0 
    where
        ae1_0.id_empleado=?
Hibernate: 
    select
        ae1_0.id,
        ae1_0.fecha_subida,
        ae1_0.id_empleado,
        ae1_0.mime_type,
        ae1_0.nombre_archivo,
        ae1_0.nombre_original,
        ae1_0.ruta,
        ae1_0.tamano,
        ae1_0.tipo 
    from
        archivo_empleado ae1_0 
    where
        ae1_0.id_empleado=?
2026-08-01T23:11:13.833-05:00 DEBUG 3432 --- [sgp] [nio-8080-exec-9] org.hibernate.SQL                        : 
    select
        u1_0.id,
        u1_0.activo,
        u1_0.correo,
        e2_0.id_empleado,
        e2_0.apellidos,
        e2_0.estado_civil,
        e2_0.fecha_nacimiento,
        e2_0.nombre,
        e2_0.numero_documento,
        e2_0.tipo_documento,
        u1_0.password,
        u1_0.rol 
    from
        usuario u1_0 
    left join
        empleado e1_0 
            on e1_0.id_empleado=u1_0.id_empleado 
    left join
        empleado e2_0 
            on e2_0.id_empleado=u1_0.id_empleado 
    where
        e1_0.id_empleado=?
Hibernate: 
    select
        u1_0.id,
        u1_0.activo,
        u1_0.correo,
        e2_0.id_empleado,
        e2_0.apellidos,
        e2_0.estado_civil,
        e2_0.fecha_nacimiento,
        e2_0.nombre,
        e2_0.numero_documento,
        e2_0.tipo_documento,
        u1_0.password,
        u1_0.rol 
    from
        usuario u1_0 
    left join
        empleado e1_0 
            on e1_0.id_empleado=u1_0.id_empleado 
    left join
        empleado e2_0 
            on e2_0.id_empleado=u1_0.id_empleado 
    where
        e1_0.id_empleado=?
2026-08-01T23:11:13.838-05:00 DEBUG 3432 --- [sgp] [nio-8080-exec-9] org.hibernate.SQL                        : 
    select
        c1_0.id_empleado,
        c1_0.id_contrato,
        c1_0.fecha_fin,
        c1_0.fecha_inicio,
        c1_0.salario,
        c1_0.tipo_contrato 
    from
        contrato c1_0 
    where
        c1_0.id_empleado=?
Hibernate: 
    select
        c1_0.id_empleado,
        c1_0.id_contrato,
        c1_0.fecha_fin,
        c1_0.fecha_inicio,
        c1_0.salario,
        c1_0.tipo_contrato 
    from
        contrato c1_0 
    where
        c1_0.id_empleado=?
2026-08-01T23:11:13.842-05:00 DEBUG 3432 --- [sgp] [nio-8080-exec-9] org.hibernate.SQL                        : 
    delete 
    from
        archivo_empleado 
    where
        id=?
Hibernate: 
    delete 
    from
        archivo_empleado 
    where
        id=?
2026-08-01T23:11:13.847-05:00 DEBUG 3432 --- [sgp] [nio-8080-exec-9] org.hibernate.SQL                        : 
    delete 
    from
        archivo_empleado 
    where
        id=?
Hibernate: 
    delete 
    from
        archivo_empleado 
    where
        id=?
2026-08-01T23:11:13.852-05:00 DEBUG 3432 --- [sgp] [nio-8080-exec-9] org.hibernate.SQL                        : 
    delete 
    from
        empleado 
    where
        id_empleado=?
Hibernate: 
    delete 
    from
        empleado 
    where
        id_empleado=?
2026-08-01T23:11:13.951-05:00 DEBUG 3432 --- [sgp] [io-8080-exec-10] org.hibernate.SQL                        : 
    select
        e1_0.id_empleado,
        e1_0.apellidos,
        e1_0.estado_civil,
        e1_0.fecha_nacimiento,
        e1_0.nombre,
        e1_0.numero_documento,
        e1_0.tipo_documento 
    from
        empleado e1_0
Hibernate: 
    select
        e1_0.id_empleado,
        e1_0.apellidos,
        e1_0.estado_civil,
        e1_0.fecha_nacimiento,
        e1_0.nombre,
        e1_0.numero_documento,
        e1_0.tipo_documento 
    from
        empleado e1_0
2026-08-01T23:14:19.060-05:00 DEBUG 3432 --- [sgp] [nio-8080-exec-6] org.hibernate.SQL                        : 
    select
        u1_0.id,
        u1_0.activo,
        u1_0.correo,
        e1_0.id_empleado,
        e1_0.apellidos,
        e1_0.estado_civil,
        e1_0.fecha_nacimiento,
        e1_0.nombre,
        e1_0.numero_documento,
        e1_0.tipo_documento,
        u1_0.password,
        u1_0.rol 
    from
        usuario u1_0 
    left join
        empleado e1_0 
            on e1_0.id_empleado=u1_0.id_empleado 
    where
        u1_0.correo=?
Hibernate: 
    select
        u1_0.id,
        u1_0.activo,
        u1_0.correo,
        e1_0.id_empleado,
        e1_0.apellidos,
        e1_0.estado_civil,
        e1_0.fecha_nacimiento,
        e1_0.nombre,
        e1_0.numero_documento,
        e1_0.tipo_documento,
        u1_0.password,
        u1_0.rol 
    from
        usuario u1_0 
    left join
        empleado e1_0 
            on e1_0.id_empleado=u1_0.id_empleado 
    where
        u1_0.correo=?
2026-08-01T23:14:35.735-05:00 DEBUG 3432 --- [sgp] [nio-8080-exec-5] org.hibernate.SQL                        : 
    select
        u1_0.id,
        u1_0.activo,
        u1_0.correo,
        e1_0.id_empleado,
        e1_0.apellidos,
        e1_0.estado_civil,
        e1_0.fecha_nacimiento,
        e1_0.nombre,
        e1_0.numero_documento,
        e1_0.tipo_documento,
        u1_0.password,
        u1_0.rol 
    from
        usuario u1_0 
    left join
        empleado e1_0 
            on e1_0.id_empleado=u1_0.id_empleado 
    where
        u1_0.correo=?
Hibernate: 
    select
        u1_0.id,
        u1_0.activo,
        u1_0.correo,
        e1_0.id_empleado,
        e1_0.apellidos,
        e1_0.estado_civil,
        e1_0.fecha_nacimiento,
        e1_0.nombre,
        e1_0.numero_documento,
        e1_0.tipo_documento,
        u1_0.password,
        u1_0.rol 
    from
        usuario u1_0 
    left join
        empleado e1_0 
            on e1_0.id_empleado=u1_0.id_empleado 
    where
        u1_0.correo=?
2026-08-01T23:14:35.945-05:00 DEBUG 3432 --- [sgp] [nio-8080-exec-8] org.hibernate.SQL                        : 
    select
        count(*) 
    from
        empleado e1_0
Hibernate: 
    select
        count(*) 
    from
        empleado e1_0
2026-08-01T23:14:35.965-05:00 DEBUG 3432 --- [sgp] [nio-8080-exec-8] org.hibernate.SQL                        : 
    select
        count(*) 
    from
        contrato c1_0
Hibernate: 
    select
        count(*) 
    from
        contrato c1_0
2026-08-01T23:14:35.971-05:00 DEBUG 3432 --- [sgp] [nio-8080-exec-8] org.hibernate.SQL                        : 
    select
        count(*) 
    from
        usuario u1_0
Hibernate: 
    select
        count(*) 
    from
        usuario u1_0
2026-08-01T23:14:35.977-05:00 DEBUG 3432 --- [sgp] [nio-8080-exec-8] org.hibernate.SQL                        : 
    select
        count(*) 
    from
        nomina n1_0
Hibernate: 
    select
        count(*) 
    from
        nomina n1_0
2026-08-01T23:14:36.008-05:00 DEBUG 3432 --- [sgp] [nio-8080-exec-8] org.hibernate.SQL                        : 
    select
        coalesce(sum(n1_0.total_pagado), 0) 
    from
        nomina n1_0
Hibernate: 
    select
        coalesce(sum(n1_0.total_pagado), 0) 
    from
        nomina n1_0
2026-08-01T23:14:36.026-05:00 DEBUG 3432 --- [sgp] [nio-8080-exec-8] org.hibernate.SQL                        : 
    select
        e1_0.id_empleado,
        e1_0.apellidos,
        e1_0.estado_civil,
        e1_0.fecha_nacimiento,
        e1_0.nombre,
        e1_0.numero_documento,
        e1_0.tipo_documento 
    from
        empleado e1_0 
    order by
        e1_0.id_empleado desc 
    limit
        ?
Hibernate: 
    select
        e1_0.id_empleado,
        e1_0.apellidos,
        e1_0.estado_civil,
        e1_0.fecha_nacimiento,
        e1_0.nombre,
        e1_0.numero_documento,
        e1_0.tipo_documento 
    from
        empleado e1_0 
    order by
        e1_0.id_empleado desc 
    limit
        ?
2026-08-01T23:14:36.038-05:00 DEBUG 3432 --- [sgp] [nio-8080-exec-8] org.hibernate.SQL                        : 
    select
        c1_0.id_contrato,
        e1_0.id_empleado,
        e1_0.apellidos,
        e1_0.estado_civil,
        e1_0.fecha_nacimiento,
        e1_0.nombre,
        e1_0.numero_documento,
        e1_0.tipo_documento,
        c1_0.fecha_fin,
        c1_0.fecha_inicio,
        c1_0.salario,
        c1_0.tipo_contrato 
    from
        contrato c1_0 
    join
        empleado e1_0 
            on e1_0.id_empleado=c1_0.id_empleado
Hibernate: 
    select
        c1_0.id_contrato,
        e1_0.id_empleado,
        e1_0.apellidos,
        e1_0.estado_civil,
        e1_0.fecha_nacimiento,
        e1_0.nombre,
        e1_0.numero_documento,
        e1_0.tipo_documento,
        c1_0.fecha_fin,
        c1_0.fecha_inicio,
        c1_0.salario,
        c1_0.tipo_contrato 
    from
        contrato c1_0 
    join
        empleado e1_0 
            on e1_0.id_empleado=c1_0.id_empleado
2026-08-01T23:14:36.079-05:00 DEBUG 3432 --- [sgp] [nio-8080-exec-9] org.hibernate.SQL                        : 
    select
        count(*) 
    from
        empleado e1_0
Hibernate: 
    select
        count(*) 
    from
        empleado e1_0
2026-08-01T23:14:36.084-05:00 DEBUG 3432 --- [sgp] [nio-8080-exec-9] org.hibernate.SQL                        : 
    select
        count(*) 
    from
        contrato c1_0
Hibernate: 
    select
        count(*) 
    from
        contrato c1_0
2026-08-01T23:14:36.087-05:00 DEBUG 3432 --- [sgp] [nio-8080-exec-9] org.hibernate.SQL                        : 
    select
        count(*) 
    from
        usuario u1_0
Hibernate: 
    select
        count(*) 
    from
        usuario u1_0
2026-08-01T23:14:36.093-05:00 DEBUG 3432 --- [sgp] [nio-8080-exec-9] org.hibernate.SQL                        : 
    select
        count(*) 
    from
        nomina n1_0
Hibernate: 
    select
        count(*) 
    from
        nomina n1_0
2026-08-01T23:14:36.097-05:00 DEBUG 3432 --- [sgp] [nio-8080-exec-9] org.hibernate.SQL                        : 
    select
        coalesce(sum(n1_0.total_pagado), 0) 
    from
        nomina n1_0
Hibernate: 
    select
        coalesce(sum(n1_0.total_pagado), 0) 
    from
        nomina n1_0
2026-08-01T23:14:36.102-05:00 DEBUG 3432 --- [sgp] [nio-8080-exec-9] org.hibernate.SQL                        : 
    select
        e1_0.id_empleado,
        e1_0.apellidos,
        e1_0.estado_civil,
        e1_0.fecha_nacimiento,
        e1_0.nombre,
        e1_0.numero_documento,
        e1_0.tipo_documento 
    from
        empleado e1_0 
    order by
        e1_0.id_empleado desc 
    limit
        ?
Hibernate: 
    select
        e1_0.id_empleado,
        e1_0.apellidos,
        e1_0.estado_civil,
        e1_0.fecha_nacimiento,
        e1_0.nombre,
        e1_0.numero_documento,
        e1_0.tipo_documento 
    from
        empleado e1_0 
    order by
        e1_0.id_empleado desc 
    limit
        ?
2026-08-01T23:14:36.107-05:00 DEBUG 3432 --- [sgp] [nio-8080-exec-9] org.hibernate.SQL                        : 
    select
        c1_0.id_contrato,
        e1_0.id_empleado,
        e1_0.apellidos,
        e1_0.estado_civil,
        e1_0.fecha_nacimiento,
        e1_0.nombre,
        e1_0.numero_documento,
        e1_0.tipo_documento,
        c1_0.fecha_fin,
        c1_0.fecha_inicio,
        c1_0.salario,
        c1_0.tipo_contrato 
    from
        contrato c1_0 
    join
        empleado e1_0 
            on e1_0.id_empleado=c1_0.id_empleado
Hibernate: 
    select
        c1_0.id_contrato,
        e1_0.id_empleado,
        e1_0.apellidos,
        e1_0.estado_civil,
        e1_0.fecha_nacimiento,
        e1_0.nombre,
        e1_0.numero_documento,
        e1_0.tipo_documento,
        c1_0.fecha_fin,
        c1_0.fecha_inicio,
        c1_0.salario,
        c1_0.tipo_contrato 
    from
        contrato c1_0 
    join
        empleado e1_0 
            on e1_0.id_empleado=c1_0.id_empleado
2026-08-01T23:14:38.445-05:00 DEBUG 3432 --- [sgp] [io-8080-exec-10] org.hibernate.SQL                        : 
    select
        e1_0.id_empleado,
        e1_0.apellidos,
        e1_0.estado_civil,
        e1_0.fecha_nacimiento,
        e1_0.nombre,
        e1_0.numero_documento,
        e1_0.tipo_documento 
    from
        empleado e1_0
Hibernate: 
    select
        e1_0.id_empleado,
        e1_0.apellidos,
        e1_0.estado_civil,
        e1_0.fecha_nacimiento,
        e1_0.nombre,
        e1_0.numero_documento,
        e1_0.tipo_documento 
    from
        empleado e1_0
2026-08-01T23:14:38.478-05:00 DEBUG 3432 --- [sgp] [nio-8080-exec-2] org.hibernate.SQL                        : 
    select
        e1_0.id_empleado,
        e1_0.apellidos,
        e1_0.estado_civil,
        e1_0.fecha_nacimiento,
        e1_0.nombre,
        e1_0.numero_documento,
        e1_0.tipo_documento 
    from
        empleado e1_0
Hibernate: 
    select
        e1_0.id_empleado,
        e1_0.apellidos,
        e1_0.estado_civil,
        e1_0.fecha_nacimiento,
        e1_0.nombre,
        e1_0.numero_documento,
        e1_0.tipo_documento 
    from
        empleado e1_0
2026-08-01T23:14:39.014-05:00 DEBUG 3432 --- [sgp] [nio-8080-exec-1] org.hibernate.SQL                        : 
    select
        c1_0.id_contrato,
        e1_0.id_empleado,
        e1_0.apellidos,
        e1_0.estado_civil,
        e1_0.fecha_nacimiento,
        e1_0.nombre,
        e1_0.numero_documento,
        e1_0.tipo_documento,
        c1_0.fecha_fin,
        c1_0.fecha_inicio,
        c1_0.salario,
        c1_0.tipo_contrato 
    from
        contrato c1_0 
    left join
        empleado e1_0 
            on e1_0.id_empleado=c1_0.id_empleado
Hibernate: 
    select
        c1_0.id_contrato,
        e1_0.id_empleado,
        e1_0.apellidos,
        e1_0.estado_civil,
        e1_0.fecha_nacimiento,
        e1_0.nombre,
        e1_0.numero_documento,
        e1_0.tipo_documento,
        c1_0.fecha_fin,
        c1_0.fecha_inicio,
        c1_0.salario,
        c1_0.tipo_contrato 
    from
        contrato c1_0 
    left join
        empleado e1_0 
            on e1_0.id_empleado=c1_0.id_empleado
2026-08-01T23:14:39.040-05:00 DEBUG 3432 --- [sgp] [nio-8080-exec-3] org.hibernate.SQL                        : 
    select
        c1_0.id_contrato,
        e1_0.id_empleado,
        e1_0.apellidos,
        e1_0.estado_civil,
        e1_0.fecha_nacimiento,
        e1_0.nombre,
        e1_0.numero_documento,
        e1_0.tipo_documento,
        c1_0.fecha_fin,
        c1_0.fecha_inicio,
        c1_0.salario,
        c1_0.tipo_contrato 
    from
        contrato c1_0 
    left join
        empleado e1_0 
            on e1_0.id_empleado=c1_0.id_empleado
Hibernate: 
    select
        c1_0.id_contrato,
        e1_0.id_empleado,
        e1_0.apellidos,
        e1_0.estado_civil,
        e1_0.fecha_nacimiento,
        e1_0.nombre,
        e1_0.numero_documento,
        e1_0.tipo_documento,
        c1_0.fecha_fin,
        c1_0.fecha_inicio,
        c1_0.salario,
        c1_0.tipo_contrato 
    from
        contrato c1_0 
    left join
        empleado e1_0 
            on e1_0.id_empleado=c1_0.id_empleado
2026-08-01T23:14:39.046-05:00 DEBUG 3432 --- [sgp] [nio-8080-exec-6] org.hibernate.SQL                        : 
    select
        e1_0.id_empleado,
        e1_0.apellidos,
        e1_0.estado_civil,
        e1_0.fecha_nacimiento,
        e1_0.nombre,
        e1_0.numero_documento,
        e1_0.tipo_documento 
    from
        empleado e1_0
Hibernate: 
    select
        e1_0.id_empleado,
        e1_0.apellidos,
        e1_0.estado_civil,
        e1_0.fecha_nacimiento,
        e1_0.nombre,
        e1_0.numero_documento,
        e1_0.tipo_documento 
    from
        empleado e1_0
2026-08-01T23:14:39.073-05:00 DEBUG 3432 --- [sgp] [nio-8080-exec-5] org.hibernate.SQL                        : 
    select
        e1_0.id_empleado,
        e1_0.apellidos,
        e1_0.estado_civil,
        e1_0.fecha_nacimiento,
        e1_0.nombre,
        e1_0.numero_documento,
        e1_0.tipo_documento 
    from
        empleado e1_0
Hibernate: 
    select
        e1_0.id_empleado,
        e1_0.apellidos,
        e1_0.estado_civil,
        e1_0.fecha_nacimiento,
        e1_0.nombre,
        e1_0.numero_documento,
        e1_0.tipo_documento 
    from
        empleado e1_0
2026-08-01T23:14:39.581-05:00 DEBUG 3432 --- [sgp] [nio-8080-exec-7] org.hibernate.SQL                        : 
    select
        u1_0.id,
        u1_0.activo,
        u1_0.correo,
        e1_0.id_empleado,
        e1_0.apellidos,
        e1_0.estado_civil,
        e1_0.fecha_nacimiento,
        e1_0.nombre,
        e1_0.numero_documento,
        e1_0.tipo_documento,
        u1_0.password,
        u1_0.rol 
    from
        usuario u1_0 
    left join
        empleado e1_0 
            on e1_0.id_empleado=u1_0.id_empleado
Hibernate: 
    select
        u1_0.id,
        u1_0.activo,
        u1_0.correo,
        e1_0.id_empleado,
        e1_0.apellidos,
        e1_0.estado_civil,
        e1_0.fecha_nacimiento,
        e1_0.nombre,
        e1_0.numero_documento,
        e1_0.tipo_documento,
        u1_0.password,
        u1_0.rol 
    from
        usuario u1_0 
    left join
        empleado e1_0 
            on e1_0.id_empleado=u1_0.id_empleado
2026-08-01T23:14:39.605-05:00 DEBUG 3432 --- [sgp] [nio-8080-exec-7] org.hibernate.SQL                        : 
    select
        u1_0.id,
        u1_0.activo,
        u1_0.correo,
        e1_0.id_empleado,
        e1_0.apellidos,
        e1_0.estado_civil,
        e1_0.fecha_nacimiento,
        e1_0.nombre,
        e1_0.numero_documento,
        e1_0.tipo_documento,
        u1_0.password,
        u1_0.rol 
    from
        usuario u1_0 
    left join
        empleado e1_0 
            on e1_0.id_empleado=u1_0.id_empleado
Hibernate: 
    select
        u1_0.id,
        u1_0.activo,
        u1_0.correo,
        e1_0.id_empleado,
        e1_0.apellidos,
        e1_0.estado_civil,
        e1_0.fecha_nacimiento,
        e1_0.nombre,
        e1_0.numero_documento,
        e1_0.tipo_documento,
        u1_0.password,
        u1_0.rol 
    from
        usuario u1_0 
    left join
        empleado e1_0 
            on e1_0.id_empleado=u1_0.id_empleado
2026-08-01T23:14:39.612-05:00 DEBUG 3432 --- [sgp] [nio-8080-exec-8] org.hibernate.SQL                        : 
    select
        e1_0.id_empleado,
        e1_0.apellidos,
        e1_0.estado_civil,
        e1_0.fecha_nacimiento,
        e1_0.nombre,
        e1_0.numero_documento,
        e1_0.tipo_documento 
    from
        empleado e1_0
Hibernate: 
    select
        e1_0.id_empleado,
        e1_0.apellidos,
        e1_0.estado_civil,
        e1_0.fecha_nacimiento,
        e1_0.nombre,
        e1_0.numero_documento,
        e1_0.tipo_documento 
    from
        empleado e1_0
2026-08-01T23:14:39.644-05:00 DEBUG 3432 --- [sgp] [nio-8080-exec-8] org.hibernate.SQL                        : 
    select
        e1_0.id_empleado,
        e1_0.apellidos,
        e1_0.estado_civil,
        e1_0.fecha_nacimiento,
        e1_0.nombre,
        e1_0.numero_documento,
        e1_0.tipo_documento 
    from
        empleado e1_0
Hibernate: 
    select
        e1_0.id_empleado,
        e1_0.apellidos,
        e1_0.estado_civil,
        e1_0.fecha_nacimiento,
        e1_0.nombre,
        e1_0.numero_documento,
        e1_0.tipo_documento 
    from
        empleado e1_0
2026-08-01T23:14:40.122-05:00 DEBUG 3432 --- [sgp] [io-8080-exec-10] org.hibernate.SQL                        : 
    select
        n1_0.id_nomina,
        n1_0.bonificaciones,
        n1_0.id_contrato,
        c1_0.id_contrato,
        c1_0.id_empleado,
        c1_0.fecha_fin,
        c1_0.fecha_inicio,
        c1_0.salario,
        c1_0.tipo_contrato,
        n1_0.deducciones,
        n1_0.departamento,
        n1_0.id_empleado,
        e2_0.id_empleado,
        e2_0.apellidos,
        e2_0.estado_civil,
        e2_0.fecha_nacimiento,
        e2_0.nombre,
        e2_0.numero_documento,
        e2_0.tipo_documento,
        n1_0.estado,
        n1_0.fecha_pago,
        n1_0.municipio,
        n1_0.salario_base,
        n1_0.total_pagado 
    from
        nomina n1_0 
    join
        contrato c1_0 
            on c1_0.id_contrato=n1_0.id_contrato 
    join
        empleado e2_0 
            on e2_0.id_empleado=n1_0.id_empleado
Hibernate: 
    select
        n1_0.id_nomina,
        n1_0.bonificaciones,
        n1_0.id_contrato,
        c1_0.id_contrato,
        c1_0.id_empleado,
        c1_0.fecha_fin,
        c1_0.fecha_inicio,
        c1_0.salario,
        c1_0.tipo_contrato,
        n1_0.deducciones,
        n1_0.departamento,
        n1_0.id_empleado,
        e2_0.id_empleado,
        e2_0.apellidos,
        e2_0.estado_civil,
        e2_0.fecha_nacimiento,
        e2_0.nombre,
        e2_0.numero_documento,
        e2_0.tipo_documento,
        n1_0.estado,
        n1_0.fecha_pago,
        n1_0.municipio,
        n1_0.salario_base,
        n1_0.total_pagado 
    from
        nomina n1_0 
    join
        contrato c1_0 
            on c1_0.id_contrato=n1_0.id_contrato 
    join
        empleado e2_0 
            on e2_0.id_empleado=n1_0.id_empleado
2026-08-01T23:14:40.160-05:00 DEBUG 3432 --- [sgp] [io-8080-exec-10] org.hibernate.SQL                        : 
    select
        n1_0.id_nomina,
        n1_0.bonificaciones,
        n1_0.id_contrato,
        c1_0.id_contrato,
        c1_0.id_empleado,
        c1_0.fecha_fin,
        c1_0.fecha_inicio,
        c1_0.salario,
        c1_0.tipo_contrato,
        n1_0.deducciones,
        n1_0.departamento,
        n1_0.id_empleado,
        e2_0.id_empleado,
        e2_0.apellidos,
        e2_0.estado_civil,
        e2_0.fecha_nacimiento,
        e2_0.nombre,
        e2_0.numero_documento,
        e2_0.tipo_documento,
        n1_0.estado,
        n1_0.fecha_pago,
        n1_0.municipio,
        n1_0.salario_base,
        n1_0.total_pagado 
    from
        nomina n1_0 
    join
        contrato c1_0 
            on c1_0.id_contrato=n1_0.id_contrato 
    join
        empleado e2_0 
            on e2_0.id_empleado=n1_0.id_empleado
Hibernate: 
    select
        n1_0.id_nomina,
        n1_0.bonificaciones,
        n1_0.id_contrato,
        c1_0.id_contrato,
        c1_0.id_empleado,
        c1_0.fecha_fin,
        c1_0.fecha_inicio,
        c1_0.salario,
        c1_0.tipo_contrato,
        n1_0.deducciones,
        n1_0.departamento,
        n1_0.id_empleado,
        e2_0.id_empleado,
        e2_0.apellidos,
        e2_0.estado_civil,
        e2_0.fecha_nacimiento,
        e2_0.nombre,
        e2_0.numero_documento,
        e2_0.tipo_documento,
        n1_0.estado,
        n1_0.fecha_pago,
        n1_0.municipio,
        n1_0.salario_base,
        n1_0.total_pagado 
    from
        nomina n1_0 
    join
        contrato c1_0 
            on c1_0.id_contrato=n1_0.id_contrato 
    join
        empleado e2_0 
            on e2_0.id_empleado=n1_0.id_empleado
2026-08-01T23:14:40.697-05:00 DEBUG 3432 --- [sgp] [nio-8080-exec-6] org.hibernate.SQL                        : 
    select
        e1_0.id_empleado,
        e1_0.apellidos,
        e1_0.estado_civil,
        e1_0.fecha_nacimiento,
        e1_0.nombre,
        e1_0.numero_documento,
        e1_0.tipo_documento 
    from
        empleado e1_0
Hibernate: 
    select
        e1_0.id_empleado,
        e1_0.apellidos,
        e1_0.estado_civil,
        e1_0.fecha_nacimiento,
        e1_0.nombre,
        e1_0.numero_documento,
        e1_0.tipo_documento 
    from
        empleado e1_0
2026-08-01T23:14:40.719-05:00 DEBUG 3432 --- [sgp] [nio-8080-exec-5] org.hibernate.SQL                        : 
    select
        c1_0.id_contrato,
        e1_0.id_empleado,
        e1_0.apellidos,
        e1_0.estado_civil,
        e1_0.fecha_nacimiento,
        e1_0.nombre,
        e1_0.numero_documento,
        e1_0.tipo_documento,
        c1_0.fecha_fin,
        c1_0.fecha_inicio,
        c1_0.salario,
        c1_0.tipo_contrato 
    from
        contrato c1_0 
    left join
        empleado e1_0 
            on e1_0.id_empleado=c1_0.id_empleado
Hibernate: 
    select
        c1_0.id_contrato,
        e1_0.id_empleado,
        e1_0.apellidos,
        e1_0.estado_civil,
        e1_0.fecha_nacimiento,
        e1_0.nombre,
        e1_0.numero_documento,
        e1_0.tipo_documento,
        c1_0.fecha_fin,
        c1_0.fecha_inicio,
        c1_0.salario,
        c1_0.tipo_contrato 
    from
        contrato c1_0 
    left join
        empleado e1_0 
            on e1_0.id_empleado=c1_0.id_empleado
2026-08-01T23:14:40.841-05:00 DEBUG 3432 --- [sgp] [nio-8080-exec-4] org.hibernate.SQL                        : 
    select
        e1_0.id_empleado,
        e1_0.apellidos,
        e1_0.estado_civil,
        e1_0.fecha_nacimiento,
        e1_0.nombre,
        e1_0.numero_documento,
        e1_0.tipo_documento 
    from
        empleado e1_0
Hibernate: 
    select
        e1_0.id_empleado,
        e1_0.apellidos,
        e1_0.estado_civil,
        e1_0.fecha_nacimiento,
        e1_0.nombre,
        e1_0.numero_documento,
        e1_0.tipo_documento 
    from
        empleado e1_0
2026-08-01T23:14:40.862-05:00 DEBUG 3432 --- [sgp] [nio-8080-exec-7] org.hibernate.SQL                        : 
    select
        c1_0.id_contrato,
        e1_0.id_empleado,
        e1_0.apellidos,
        e1_0.estado_civil,
        e1_0.fecha_nacimiento,
        e1_0.nombre,
        e1_0.numero_documento,
        e1_0.tipo_documento,
        c1_0.fecha_fin,
        c1_0.fecha_inicio,
        c1_0.salario,
        c1_0.tipo_contrato 
    from
        contrato c1_0 
    left join
        empleado e1_0 
            on e1_0.id_empleado=c1_0.id_empleado
Hibernate: 
    select
        c1_0.id_contrato,
        e1_0.id_empleado,
        e1_0.apellidos,
        e1_0.estado_civil,
        e1_0.fecha_nacimiento,
        e1_0.nombre,
        e1_0.numero_documento,
        e1_0.tipo_documento,
        c1_0.fecha_fin,
        c1_0.fecha_inicio,
        c1_0.salario,
        c1_0.tipo_contrato 
    from
        contrato c1_0 
    left join
        empleado e1_0 
            on e1_0.id_empleado=c1_0.id_empleado
2026-08-01T23:14:42.713-05:00 DEBUG 3432 --- [sgp] [nio-8080-exec-9] org.hibernate.SQL                        : 
    select
        e1_0.id_empleado,
        e1_0.apellidos,
        e1_0.estado_civil,
        e1_0.fecha_nacimiento,
        e1_0.nombre,
        e1_0.numero_documento,
        e1_0.tipo_documento 
    from
        empleado e1_0
Hibernate: 
    select
        e1_0.id_empleado,
        e1_0.apellidos,
        e1_0.estado_civil,
        e1_0.fecha_nacimiento,
        e1_0.nombre,
        e1_0.numero_documento,
        e1_0.tipo_documento 
    from
        empleado e1_0
2026-08-01T23:14:42.731-05:00 DEBUG 3432 --- [sgp] [nio-8080-exec-8] org.hibernate.SQL                        : 
    select
        e1_0.id_empleado,
        e1_0.apellidos,
        e1_0.estado_civil,
        e1_0.fecha_nacimiento,
        e1_0.nombre,
        e1_0.numero_documento,
        e1_0.tipo_documento 
    from
        empleado e1_0
Hibernate: 
    select
        e1_0.id_empleado,
        e1_0.apellidos,
        e1_0.estado_civil,
        e1_0.fecha_nacimiento,
        e1_0.nombre,
        e1_0.numero_documento,
        e1_0.tipo_documento 
    from
        empleado e1_0
2026-08-01T23:14:44.492-05:00 DEBUG 3432 --- [sgp] [nio-8080-exec-2] org.hibernate.SQL                        : 
    select
        count(*) 
    from
        empleado e1_0
Hibernate: 
    select
        count(*) 
    from
        empleado e1_0
2026-08-01T23:14:44.501-05:00 DEBUG 3432 --- [sgp] [nio-8080-exec-2] org.hibernate.SQL                        : 
    select
        count(*) 
    from
        contrato c1_0
Hibernate: 
    select
        count(*) 
    from
        contrato c1_0
2026-08-01T23:14:44.504-05:00 DEBUG 3432 --- [sgp] [nio-8080-exec-2] org.hibernate.SQL                        : 
    select
        count(*) 
    from
        usuario u1_0
Hibernate: 
    select
        count(*) 
    from
        usuario u1_0
2026-08-01T23:14:44.507-05:00 DEBUG 3432 --- [sgp] [nio-8080-exec-2] org.hibernate.SQL                        : 
    select
        count(*) 
    from
        nomina n1_0
Hibernate: 
    select
        count(*) 
    from
        nomina n1_0
2026-08-01T23:14:44.510-05:00 DEBUG 3432 --- [sgp] [nio-8080-exec-2] org.hibernate.SQL                        : 
    select
        coalesce(sum(n1_0.total_pagado), 0) 
    from
        nomina n1_0
Hibernate: 
    select
        coalesce(sum(n1_0.total_pagado), 0) 
    from
        nomina n1_0
2026-08-01T23:14:44.515-05:00 DEBUG 3432 --- [sgp] [nio-8080-exec-2] org.hibernate.SQL                        : 
    select
        e1_0.id_empleado,
        e1_0.apellidos,
        e1_0.estado_civil,
        e1_0.fecha_nacimiento,
        e1_0.nombre,
        e1_0.numero_documento,
        e1_0.tipo_documento 
    from
        empleado e1_0 
    order by
        e1_0.id_empleado desc 
    limit
        ?
Hibernate: 
    select
        e1_0.id_empleado,
        e1_0.apellidos,
        e1_0.estado_civil,
        e1_0.fecha_nacimiento,
        e1_0.nombre,
        e1_0.numero_documento,
        e1_0.tipo_documento 
    from
        empleado e1_0 
    order by
        e1_0.id_empleado desc 
    limit
        ?
2026-08-01T23:14:44.520-05:00 DEBUG 3432 --- [sgp] [nio-8080-exec-2] org.hibernate.SQL                        : 
    select
        c1_0.id_contrato,
        e1_0.id_empleado,
        e1_0.apellidos,
        e1_0.estado_civil,
        e1_0.fecha_nacimiento,
        e1_0.nombre,
        e1_0.numero_documento,
        e1_0.tipo_documento,
        c1_0.fecha_fin,
        c1_0.fecha_inicio,
        c1_0.salario,
        c1_0.tipo_contrato 
    from
        contrato c1_0 
    join
        empleado e1_0 
            on e1_0.id_empleado=c1_0.id_empleado
Hibernate: 
    select
        c1_0.id_contrato,
        e1_0.id_empleado,
        e1_0.apellidos,
        e1_0.estado_civil,
        e1_0.fecha_nacimiento,
        e1_0.nombre,
        e1_0.numero_documento,
        e1_0.tipo_documento,
        c1_0.fecha_fin,
        c1_0.fecha_inicio,
        c1_0.salario,
        c1_0.tipo_contrato 
    from
        contrato c1_0 
    join
        empleado e1_0 
            on e1_0.id_empleado=c1_0.id_empleado
2026-08-01T23:14:44.543-05:00 DEBUG 3432 --- [sgp] [io-8080-exec-10] org.hibernate.SQL                        : 
    select
        count(*) 
    from
        empleado e1_0
Hibernate: 
    select
        count(*) 
    from
        empleado e1_0
2026-08-01T23:14:44.552-05:00 DEBUG 3432 --- [sgp] [io-8080-exec-10] org.hibernate.SQL                        : 
    select
        count(*) 
    from
        contrato c1_0
Hibernate: 
    select
        count(*) 
    from
        contrato c1_0
2026-08-01T23:14:44.557-05:00 DEBUG 3432 --- [sgp] [io-8080-exec-10] org.hibernate.SQL                        : 
    select
        count(*) 
    from
        usuario u1_0
Hibernate: 
    select
        count(*) 
    from
        usuario u1_0
2026-08-01T23:14:44.563-05:00 DEBUG 3432 --- [sgp] [io-8080-exec-10] org.hibernate.SQL                        : 
    select
        count(*) 
    from
        nomina n1_0
Hibernate: 
    select
        count(*) 
    from
        nomina n1_0
2026-08-01T23:14:44.569-05:00 DEBUG 3432 --- [sgp] [io-8080-exec-10] org.hibernate.SQL                        : 
    select
        coalesce(sum(n1_0.total_pagado), 0) 
    from
        nomina n1_0
Hibernate: 
    select
        coalesce(sum(n1_0.total_pagado), 0) 
    from
        nomina n1_0
2026-08-01T23:14:44.577-05:00 DEBUG 3432 --- [sgp] [io-8080-exec-10] org.hibernate.SQL                        : 
    select
        e1_0.id_empleado,
        e1_0.apellidos,
        e1_0.estado_civil,
        e1_0.fecha_nacimiento,
        e1_0.nombre,
        e1_0.numero_documento,
        e1_0.tipo_documento 
    from
        empleado e1_0 
    order by
        e1_0.id_empleado desc 
    limit
        ?
Hibernate: 
    select
        e1_0.id_empleado,
        e1_0.apellidos,
        e1_0.estado_civil,
        e1_0.fecha_nacimiento,
        e1_0.nombre,
        e1_0.numero_documento,
        e1_0.tipo_documento 
    from
        empleado e1_0 
    order by
        e1_0.id_empleado desc 
    limit
        ?
2026-08-01T23:14:44.585-05:00 DEBUG 3432 --- [sgp] [io-8080-exec-10] org.hibernate.SQL                        : 
    select
        c1_0.id_contrato,
        e1_0.id_empleado,
        e1_0.apellidos,
        e1_0.estado_civil,
        e1_0.fecha_nacimiento,
        e1_0.nombre,
        e1_0.numero_documento,
        e1_0.tipo_documento,
        c1_0.fecha_fin,
        c1_0.fecha_inicio,
        c1_0.salario,
        c1_0.tipo_contrato 
    from
        contrato c1_0 
    join
        empleado e1_0 
            on e1_0.id_empleado=c1_0.id_empleado
Hibernate: 
    select
        c1_0.id_contrato,
        e1_0.id_empleado,
        e1_0.apellidos,
        e1_0.estado_civil,
        e1_0.fecha_nacimiento,
        e1_0.nombre,
        e1_0.numero_documento,
        e1_0.tipo_documento,
        c1_0.fecha_fin,
        c1_0.fecha_inicio,
        c1_0.salario,
        c1_0.tipo_contrato 
    from
        contrato c1_0 
    join
        empleado e1_0 
            on e1_0.id_empleado=c1_0.id_empleado
2026-08-01T23:15:16.979-05:00 DEBUG 3432 --- [sgp] [nio-8080-exec-1] org.hibernate.SQL                        : 
    select
        e1_0.id_empleado,
        e1_0.apellidos,
        e1_0.estado_civil,
        e1_0.fecha_nacimiento,
        e1_0.nombre,
        e1_0.numero_documento,
        e1_0.tipo_documento 
    from
        empleado e1_0
Hibernate: 
    select
        e1_0.id_empleado,
        e1_0.apellidos,
        e1_0.estado_civil,
        e1_0.fecha_nacimiento,
        e1_0.nombre,
        e1_0.numero_documento,
        e1_0.tipo_documento 
    from
        empleado e1_0
2026-08-01T23:15:16.995-05:00 DEBUG 3432 --- [sgp] [nio-8080-exec-6] org.hibernate.SQL                        : 
    select
        e1_0.id_empleado,
        e1_0.apellidos,
        e1_0.estado_civil,
        e1_0.fecha_nacimiento,
        e1_0.nombre,
        e1_0.numero_documento,
        e1_0.tipo_documento 
    from
        empleado e1_0
Hibernate: 
    select
        e1_0.id_empleado,
        e1_0.apellidos,
        e1_0.estado_civil,
        e1_0.fecha_nacimiento,
        e1_0.nombre,
        e1_0.numero_documento,
        e1_0.tipo_documento 
    from
        empleado e1_0
2026-08-01T23:15:26.509-05:00 DEBUG 3432 --- [sgp] [nio-8080-exec-3] org.hibernate.SQL                        : 
    select
        e1_0.id_empleado,
        e1_0.apellidos,
        e1_0.estado_civil,
        e1_0.fecha_nacimiento,
        e1_0.nombre,
        e1_0.numero_documento,
        e1_0.tipo_documento 
    from
        empleado e1_0 
    where
        e1_0.id_empleado=?
Hibernate: 
    select
        e1_0.id_empleado,
        e1_0.apellidos,
        e1_0.estado_civil,
        e1_0.fecha_nacimiento,
        e1_0.nombre,
        e1_0.numero_documento,
        e1_0.tipo_documento 
    from
        empleado e1_0 
    where
        e1_0.id_empleado=?
2026-08-01T23:15:26.543-05:00 DEBUG 3432 --- [sgp] [nio-8080-exec-3] org.hibernate.SQL                        : 
    select
        e1_0.id_empleado,
        e1_0.apellidos,
        e1_0.estado_civil,
        e1_0.fecha_nacimiento,
        e1_0.nombre,
        e1_0.numero_documento,
        e1_0.tipo_documento,
        c1_0.id_empleado,
        c1_0.id_contrato,
        c1_0.fecha_fin,
        c1_0.fecha_inicio,
        c1_0.salario,
        c1_0.tipo_contrato 
    from
        empleado e1_0 
    left join
        contrato c1_0 
            on e1_0.id_empleado=c1_0.id_empleado 
    where
        e1_0.id_empleado=?
Hibernate: 
    select
        e1_0.id_empleado,
        e1_0.apellidos,
        e1_0.estado_civil,
        e1_0.fecha_nacimiento,
        e1_0.nombre,
        e1_0.numero_documento,
        e1_0.tipo_documento,
        c1_0.id_empleado,
        c1_0.id_contrato,
        c1_0.fecha_fin,
        c1_0.fecha_inicio,
        c1_0.salario,
        c1_0.tipo_contrato 
    from
        empleado e1_0 
    left join
        contrato c1_0 
            on e1_0.id_empleado=c1_0.id_empleado 
    where
        e1_0.id_empleado=?
2026-08-01T23:15:26.569-05:00 DEBUG 3432 --- [sgp] [nio-8080-exec-3] org.hibernate.SQL                        : 
    update
        empleado 
    set
        apellidos=?,
        estado_civil=?,
        fecha_nacimiento=?,
        nombre=?,
        numero_documento=?,
        tipo_documento=? 
    where
        id_empleado=?
Hibernate: 
    update
        empleado 
    set
        apellidos=?,
        estado_civil=?,
        fecha_nacimiento=?,
        nombre=?,
        numero_documento=?,
        tipo_documento=? 
    where
        id_empleado=?
2026-08-01T23:15:26.604-05:00 DEBUG 3432 --- [sgp] [nio-8080-exec-4] org.hibernate.SQL                        : 
    select
        e1_0.id_empleado,
        e1_0.apellidos,
        e1_0.estado_civil,
        e1_0.fecha_nacimiento,
        e1_0.nombre,
        e1_0.numero_documento,
        e1_0.tipo_documento 
    from
        empleado e1_0
Hibernate: 
    select
        e1_0.id_empleado,
        e1_0.apellidos,
        e1_0.estado_civil,
        e1_0.fecha_nacimiento,
        e1_0.nombre,
        e1_0.numero_documento,
        e1_0.tipo_documento 
    from
        empleado e1_0
2026-08-01T23:15:29.251-05:00 DEBUG 3432 --- [sgp] [nio-8080-exec-7] org.hibernate.SQL                        : 
    select
        c1_0.id_contrato,
        e1_0.id_empleado,
        e1_0.apellidos,
        e1_0.estado_civil,
        e1_0.fecha_nacimiento,
        e1_0.nombre,
        e1_0.numero_documento,
        e1_0.tipo_documento,
        c1_0.fecha_fin,
        c1_0.fecha_inicio,
        c1_0.salario,
        c1_0.tipo_contrato 
    from
        contrato c1_0 
    left join
        empleado e1_0 
            on e1_0.id_empleado=c1_0.id_empleado
Hibernate: 
    select
        c1_0.id_contrato,
        e1_0.id_empleado,
        e1_0.apellidos,
        e1_0.estado_civil,
        e1_0.fecha_nacimiento,
        e1_0.nombre,
        e1_0.numero_documento,
        e1_0.tipo_documento,
        c1_0.fecha_fin,
        c1_0.fecha_inicio,
        c1_0.salario,
        c1_0.tipo_contrato 
    from
        contrato c1_0 
    left join
        empleado e1_0 
            on e1_0.id_empleado=c1_0.id_empleado
2026-08-01T23:15:29.276-05:00 DEBUG 3432 --- [sgp] [nio-8080-exec-9] org.hibernate.SQL                        : 
    select
        c1_0.id_contrato,
        e1_0.id_empleado,
        e1_0.apellidos,
        e1_0.estado_civil,
        e1_0.fecha_nacimiento,
        e1_0.nombre,
        e1_0.numero_documento,
        e1_0.tipo_documento,
        c1_0.fecha_fin,
        c1_0.fecha_inicio,
        c1_0.salario,
        c1_0.tipo_contrato 
    from
        contrato c1_0 
    left join
        empleado e1_0 
            on e1_0.id_empleado=c1_0.id_empleado
Hibernate: 
    select
        c1_0.id_contrato,
        e1_0.id_empleado,
        e1_0.apellidos,
        e1_0.estado_civil,
        e1_0.fecha_nacimiento,
        e1_0.nombre,
        e1_0.numero_documento,
        e1_0.tipo_documento,
        c1_0.fecha_fin,
        c1_0.fecha_inicio,
        c1_0.salario,
        c1_0.tipo_contrato 
    from
        contrato c1_0 
    left join
        empleado e1_0 
            on e1_0.id_empleado=c1_0.id_empleado
2026-08-01T23:15:29.280-05:00 DEBUG 3432 --- [sgp] [nio-8080-exec-8] org.hibernate.SQL                        : 
    select
        e1_0.id_empleado,
        e1_0.apellidos,
        e1_0.estado_civil,
        e1_0.fecha_nacimiento,
        e1_0.nombre,
        e1_0.numero_documento,
        e1_0.tipo_documento 
    from
        empleado e1_0
Hibernate: 
    select
        e1_0.id_empleado,
        e1_0.apellidos,
        e1_0.estado_civil,
        e1_0.fecha_nacimiento,
        e1_0.nombre,
        e1_0.numero_documento,
        e1_0.tipo_documento 
    from
        empleado e1_0
2026-08-01T23:15:29.307-05:00 DEBUG 3432 --- [sgp] [nio-8080-exec-2] org.hibernate.SQL                        : 
    select
        e1_0.id_empleado,
        e1_0.apellidos,
        e1_0.estado_civil,
        e1_0.fecha_nacimiento,
        e1_0.nombre,
        e1_0.numero_documento,
        e1_0.tipo_documento 
    from
        empleado e1_0
Hibernate: 
    select
        e1_0.id_empleado,
        e1_0.apellidos,
        e1_0.estado_civil,
        e1_0.fecha_nacimiento,
        e1_0.nombre,
        e1_0.numero_documento,
        e1_0.tipo_documento 
    from
        empleado e1_0
2026-08-01T23:15:31.281-05:00 DEBUG 3432 --- [sgp] [io-8080-exec-10] org.hibernate.SQL                        : 
    select
        u1_0.id,
        u1_0.activo,
        u1_0.correo,
        e1_0.id_empleado,
        e1_0.apellidos,
        e1_0.estado_civil,
        e1_0.fecha_nacimiento,
        e1_0.nombre,
        e1_0.numero_documento,
        e1_0.tipo_documento,
        u1_0.password,
        u1_0.rol 
    from
        usuario u1_0 
    left join
        empleado e1_0 
            on e1_0.id_empleado=u1_0.id_empleado
Hibernate: 
    select
        u1_0.id,
        u1_0.activo,
        u1_0.correo,
        e1_0.id_empleado,
        e1_0.apellidos,
        e1_0.estado_civil,
        e1_0.fecha_nacimiento,
        e1_0.nombre,
        e1_0.numero_documento,
        e1_0.tipo_documento,
        u1_0.password,
        u1_0.rol 
    from
        usuario u1_0 
    left join
        empleado e1_0 
            on e1_0.id_empleado=u1_0.id_empleado
2026-08-01T23:15:31.301-05:00 DEBUG 3432 --- [sgp] [nio-8080-exec-1] org.hibernate.SQL                        : 
    select
        u1_0.id,
        u1_0.activo,
        u1_0.correo,
        e1_0.id_empleado,
        e1_0.apellidos,
        e1_0.estado_civil,
        e1_0.fecha_nacimiento,
        e1_0.nombre,
        e1_0.numero_documento,
        e1_0.tipo_documento,
        u1_0.password,
        u1_0.rol 
    from
        usuario u1_0 
    left join
        empleado e1_0 
            on e1_0.id_empleado=u1_0.id_empleado
Hibernate: 
    select
        u1_0.id,
        u1_0.activo,
        u1_0.correo,
        e1_0.id_empleado,
        e1_0.apellidos,
        e1_0.estado_civil,
        e1_0.fecha_nacimiento,
        e1_0.nombre,
        e1_0.numero_documento,
        e1_0.tipo_documento,
        u1_0.password,
        u1_0.rol 
    from
        usuario u1_0 
    left join
        empleado e1_0 
            on e1_0.id_empleado=u1_0.id_empleado
2026-08-01T23:15:31.305-05:00 DEBUG 3432 --- [sgp] [nio-8080-exec-6] org.hibernate.SQL                        : 
    select
        e1_0.id_empleado,
        e1_0.apellidos,
        e1_0.estado_civil,
        e1_0.fecha_nacimiento,
        e1_0.nombre,
        e1_0.numero_documento,
        e1_0.tipo_documento 
    from
        empleado e1_0
Hibernate: 
    select
        e1_0.id_empleado,
        e1_0.apellidos,
        e1_0.estado_civil,
        e1_0.fecha_nacimiento,
        e1_0.nombre,
        e1_0.numero_documento,
        e1_0.tipo_documento 
    from
        empleado e1_0
2026-08-01T23:15:31.323-05:00 DEBUG 3432 --- [sgp] [nio-8080-exec-5] org.hibernate.SQL                        : 
    select
        e1_0.id_empleado,
        e1_0.apellidos,
        e1_0.estado_civil,
        e1_0.fecha_nacimiento,
        e1_0.nombre,
        e1_0.numero_documento,
        e1_0.tipo_documento 
    from
        empleado e1_0
Hibernate: 
    select
        e1_0.id_empleado,
        e1_0.apellidos,
        e1_0.estado_civil,
        e1_0.fecha_nacimiento,
        e1_0.nombre,
        e1_0.numero_documento,
        e1_0.tipo_documento 
    from
        empleado e1_0
2026-08-01T23:15:33.698-05:00 DEBUG 3432 --- [sgp] [nio-8080-exec-3] org.hibernate.SQL                        : 
    select
        n1_0.id_nomina,
        n1_0.bonificaciones,
        n1_0.id_contrato,
        c1_0.id_contrato,
        c1_0.id_empleado,
        c1_0.fecha_fin,
        c1_0.fecha_inicio,
        c1_0.salario,
        c1_0.tipo_contrato,
        n1_0.deducciones,
        n1_0.departamento,
        n1_0.id_empleado,
        e2_0.id_empleado,
        e2_0.apellidos,
        e2_0.estado_civil,
        e2_0.fecha_nacimiento,
        e2_0.nombre,
        e2_0.numero_documento,
        e2_0.tipo_documento,
        n1_0.estado,
        n1_0.fecha_pago,
        n1_0.municipio,
        n1_0.salario_base,
        n1_0.total_pagado 
    from
        nomina n1_0 
    join
        contrato c1_0 
            on c1_0.id_contrato=n1_0.id_contrato 
    join
        empleado e2_0 
            on e2_0.id_empleado=n1_0.id_empleado
Hibernate: 
    select
        n1_0.id_nomina,
        n1_0.bonificaciones,
        n1_0.id_contrato,
        c1_0.id_contrato,
        c1_0.id_empleado,
        c1_0.fecha_fin,
        c1_0.fecha_inicio,
        c1_0.salario,
        c1_0.tipo_contrato,
        n1_0.deducciones,
        n1_0.departamento,
        n1_0.id_empleado,
        e2_0.id_empleado,
        e2_0.apellidos,
        e2_0.estado_civil,
        e2_0.fecha_nacimiento,
        e2_0.nombre,
        e2_0.numero_documento,
        e2_0.tipo_documento,
        n1_0.estado,
        n1_0.fecha_pago,
        n1_0.municipio,
        n1_0.salario_base,
        n1_0.total_pagado 
    from
        nomina n1_0 
    join
        contrato c1_0 
            on c1_0.id_contrato=n1_0.id_contrato 
    join
        empleado e2_0 
            on e2_0.id_empleado=n1_0.id_empleado
2026-08-01T23:15:33.734-05:00 DEBUG 3432 --- [sgp] [nio-8080-exec-4] org.hibernate.SQL                        : 
    select
        n1_0.id_nomina,
        n1_0.bonificaciones,
        n1_0.id_contrato,
        c1_0.id_contrato,
        c1_0.id_empleado,
        c1_0.fecha_fin,
        c1_0.fecha_inicio,
        c1_0.salario,
        c1_0.tipo_contrato,
        n1_0.deducciones,
        n1_0.departamento,
        n1_0.id_empleado,
        e2_0.id_empleado,
        e2_0.apellidos,
        e2_0.estado_civil,
        e2_0.fecha_nacimiento,
        e2_0.nombre,
        e2_0.numero_documento,
        e2_0.tipo_documento,
        n1_0.estado,
        n1_0.fecha_pago,
        n1_0.municipio,
        n1_0.salario_base,
        n1_0.total_pagado 
    from
        nomina n1_0 
    join
        contrato c1_0 
            on c1_0.id_contrato=n1_0.id_contrato 
    join
        empleado e2_0 
            on e2_0.id_empleado=n1_0.id_empleado
Hibernate: 
    select
        n1_0.id_nomina,
        n1_0.bonificaciones,
        n1_0.id_contrato,
        c1_0.id_contrato,
        c1_0.id_empleado,
        c1_0.fecha_fin,
        c1_0.fecha_inicio,
        c1_0.salario,
        c1_0.tipo_contrato,
        n1_0.deducciones,
        n1_0.departamento,
        n1_0.id_empleado,
        e2_0.id_empleado,
        e2_0.apellidos,
        e2_0.estado_civil,
        e2_0.fecha_nacimiento,
        e2_0.nombre,
        e2_0.numero_documento,
        e2_0.tipo_documento,
        n1_0.estado,
        n1_0.fecha_pago,
        n1_0.municipio,
        n1_0.salario_base,
        n1_0.total_pagado 
    from
        nomina n1_0 
    join
        contrato c1_0 
            on c1_0.id_contrato=n1_0.id_contrato 
    join
        empleado e2_0 
            on e2_0.id_empleado=n1_0.id_empleado
2026-08-01T23:15:34.356-05:00 DEBUG 3432 --- [sgp] [nio-8080-exec-8] org.hibernate.SQL                        : 
    select
        e1_0.id_empleado,
        e1_0.apellidos,
        e1_0.estado_civil,
        e1_0.fecha_nacimiento,
        e1_0.nombre,
        e1_0.numero_documento,
        e1_0.tipo_documento 
    from
        empleado e1_0
Hibernate: 
    select
        e1_0.id_empleado,
        e1_0.apellidos,
        e1_0.estado_civil,
        e1_0.fecha_nacimiento,
        e1_0.nombre,
        e1_0.numero_documento,
        e1_0.tipo_documento 
    from
        empleado e1_0
2026-08-01T23:15:34.389-05:00 DEBUG 3432 --- [sgp] [nio-8080-exec-2] org.hibernate.SQL                        : 
    select
        c1_0.id_contrato,
        e1_0.id_empleado,
        e1_0.apellidos,
        e1_0.estado_civil,
        e1_0.fecha_nacimiento,
        e1_0.nombre,
        e1_0.numero_documento,
        e1_0.tipo_documento,
        c1_0.fecha_fin,
        c1_0.fecha_inicio,
        c1_0.salario,
        c1_0.tipo_contrato 
    from
        contrato c1_0 
    left join
        empleado e1_0 
            on e1_0.id_empleado=c1_0.id_empleado
Hibernate: 
    select
        c1_0.id_contrato,
        e1_0.id_empleado,
        e1_0.apellidos,
        e1_0.estado_civil,
        e1_0.fecha_nacimiento,
        e1_0.nombre,
        e1_0.numero_documento,
        e1_0.tipo_documento,
        c1_0.fecha_fin,
        c1_0.fecha_inicio,
        c1_0.salario,
        c1_0.tipo_contrato 
    from
        contrato c1_0 
    left join
        empleado e1_0 
            on e1_0.id_empleado=c1_0.id_empleado
2026-08-01T23:15:34.518-05:00 DEBUG 3432 --- [sgp] [io-8080-exec-10] org.hibernate.SQL                        : 
    select
        e1_0.id_empleado,
        e1_0.apellidos,
        e1_0.estado_civil,
        e1_0.fecha_nacimiento,
        e1_0.nombre,
        e1_0.numero_documento,
        e1_0.tipo_documento 
    from
        empleado e1_0
Hibernate: 
    select
        e1_0.id_empleado,
        e1_0.apellidos,
        e1_0.estado_civil,
        e1_0.fecha_nacimiento,
        e1_0.nombre,
        e1_0.numero_documento,
        e1_0.tipo_documento 
    from
        empleado e1_0
2026-08-01T23:15:34.549-05:00 DEBUG 3432 --- [sgp] [nio-8080-exec-1] org.hibernate.SQL                        : 
    select
        c1_0.id_contrato,
        e1_0.id_empleado,
        e1_0.apellidos,
        e1_0.estado_civil,
        e1_0.fecha_nacimiento,
        e1_0.nombre,
        e1_0.numero_documento,
        e1_0.tipo_documento,
        c1_0.fecha_fin,
        c1_0.fecha_inicio,
        c1_0.salario,
        c1_0.tipo_contrato 
    from
        contrato c1_0 
    left join
        empleado e1_0 
            on e1_0.id_empleado=c1_0.id_empleado
Hibernate: 
    select
        c1_0.id_contrato,
        e1_0.id_empleado,
        e1_0.apellidos,
        e1_0.estado_civil,
        e1_0.fecha_nacimiento,
        e1_0.nombre,
        e1_0.numero_documento,
        e1_0.tipo_documento,
        c1_0.fecha_fin,
        c1_0.fecha_inicio,
        c1_0.salario,
        c1_0.tipo_contrato 
    from
        contrato c1_0 
    left join
        empleado e1_0 
            on e1_0.id_empleado=c1_0.id_empleado
2026-08-01T23:15:39.448-05:00 DEBUG 3432 --- [sgp] [nio-8080-exec-5] org.hibernate.SQL                        : 
    select
        e1_0.id_empleado,
        e1_0.apellidos,
        e1_0.estado_civil,
        e1_0.fecha_nacimiento,
        e1_0.nombre,
        e1_0.numero_documento,
        e1_0.tipo_documento 
    from
        empleado e1_0 
    where
        e1_0.numero_documento=?
Hibernate: 
    select
        e1_0.id_empleado,
        e1_0.apellidos,
        e1_0.estado_civil,
        e1_0.fecha_nacimiento,
        e1_0.nombre,
        e1_0.numero_documento,
        e1_0.tipo_documento 
    from
        empleado e1_0 
    where
        e1_0.numero_documento=?
2026-08-01T23:15:42.751-05:00 DEBUG 3432 --- [sgp] [nio-8080-exec-3] org.hibernate.SQL                        : 
    select
        e1_0.id_empleado,
        e1_0.apellidos,
        e1_0.estado_civil,
        e1_0.fecha_nacimiento,
        e1_0.nombre,
        e1_0.numero_documento,
        e1_0.tipo_documento 
    from
        empleado e1_0
Hibernate: 
    select
        e1_0.id_empleado,
        e1_0.apellidos,
        e1_0.estado_civil,
        e1_0.fecha_nacimiento,
        e1_0.nombre,
        e1_0.numero_documento,
        e1_0.tipo_documento 
    from
        empleado e1_0
2026-08-01T23:15:42.766-05:00 DEBUG 3432 --- [sgp] [nio-8080-exec-4] org.hibernate.SQL                        : 
    select
        e1_0.id_empleado,
        e1_0.apellidos,
        e1_0.estado_civil,
        e1_0.fecha_nacimiento,
        e1_0.nombre,
        e1_0.numero_documento,
        e1_0.tipo_documento 
    from
        empleado e1_0
Hibernate: 
    select
        e1_0.id_empleado,
        e1_0.apellidos,
        e1_0.estado_civil,
        e1_0.fecha_nacimiento,
        e1_0.nombre,
        e1_0.numero_documento,
        e1_0.tipo_documento 
    from
        empleado e1_0
2026-08-01T23:15:51.358-05:00 DEBUG 3432 --- [sgp] [nio-8080-exec-8] org.hibernate.SQL                        : 
    select
        e1_0.id_empleado,
        e1_0.apellidos,
        e1_0.estado_civil,
        e1_0.fecha_nacimiento,
        e1_0.nombre,
        e1_0.numero_documento,
        e1_0.tipo_documento 
    from
        empleado e1_0 
    where
        e1_0.numero_documento=?
Hibernate: 
    select
        e1_0.id_empleado,
        e1_0.apellidos,
        e1_0.estado_civil,
        e1_0.fecha_nacimiento,
        e1_0.nombre,
        e1_0.numero_documento,
        e1_0.tipo_documento 
    from
        empleado e1_0 
    where
        e1_0.numero_documento=?
2026-08-01T23:15:51.381-05:00 DEBUG 3432 --- [sgp] [nio-8080-exec-9] org.hibernate.SQL                        : 
    select
        e1_0.id_empleado,
        e1_0.apellidos,
        e1_0.estado_civil,
        e1_0.fecha_nacimiento,
        e1_0.nombre,
        e1_0.numero_documento,
        e1_0.tipo_documento 
    from
        empleado e1_0 
    where
        e1_0.id_empleado=?
Hibernate: 
    select
        e1_0.id_empleado,
        e1_0.apellidos,
        e1_0.estado_civil,
        e1_0.fecha_nacimiento,
        e1_0.nombre,
        e1_0.numero_documento,
        e1_0.tipo_documento 
    from
        empleado e1_0 
    where
        e1_0.id_empleado=?
2026-08-01T23:15:51.390-05:00 DEBUG 3432 --- [sgp] [nio-8080-exec-9] org.hibernate.SQL                        : 
    select
        c1_0.id_contrato,
        e2_0.id_empleado,
        e2_0.apellidos,
        e2_0.estado_civil,
        e2_0.fecha_nacimiento,
        e2_0.nombre,
        e2_0.numero_documento,
        e2_0.tipo_documento,
        c1_0.fecha_fin,
        c1_0.fecha_inicio,
        c1_0.salario,
        c1_0.tipo_contrato 
    from
        contrato c1_0 
    left join
        empleado e1_0 
            on e1_0.id_empleado=c1_0.id_empleado 
    left join
        empleado e2_0 
            on e2_0.id_empleado=c1_0.id_empleado 
    where
        e1_0.id_empleado=?
Hibernate: 
    select
        c1_0.id_contrato,
        e2_0.id_empleado,
        e2_0.apellidos,
        e2_0.estado_civil,
        e2_0.fecha_nacimiento,
        e2_0.nombre,
        e2_0.numero_documento,
        e2_0.tipo_documento,
        c1_0.fecha_fin,
        c1_0.fecha_inicio,
        c1_0.salario,
        c1_0.tipo_contrato 
    from
        contrato c1_0 
    left join
        empleado e1_0 
            on e1_0.id_empleado=c1_0.id_empleado 
    left join
        empleado e2_0 
            on e2_0.id_empleado=c1_0.id_empleado 
    where
        e1_0.id_empleado=?
2026-08-01T23:15:51.401-05:00 DEBUG 3432 --- [sgp] [nio-8080-exec-9] org.hibernate.SQL                        : 
    select
        ae1_0.id,
        ae1_0.fecha_subida,
        ae1_0.id_empleado,
        ae1_0.mime_type,
        ae1_0.nombre_archivo,
        ae1_0.nombre_original,
        ae1_0.ruta,
        ae1_0.tamano,
        ae1_0.tipo 
    from
        archivo_empleado ae1_0 
    where
        ae1_0.id_empleado=? 
    order by
        ae1_0.fecha_subida desc
Hibernate: 
    select
        ae1_0.id,
        ae1_0.fecha_subida,
        ae1_0.id_empleado,
        ae1_0.mime_type,
        ae1_0.nombre_archivo,
        ae1_0.nombre_original,
        ae1_0.ruta,
        ae1_0.tamano,
        ae1_0.tipo 
    from
        archivo_empleado ae1_0 
    where
        ae1_0.id_empleado=? 
    order by
        ae1_0.fecha_subida desc
2026-08-01T23:16:09.357-05:00 DEBUG 3432 --- [sgp] [nio-8080-exec-1] org.hibernate.SQL                        : 
    insert 
    into
        archivo_empleado
        (fecha_subida, id_empleado, mime_type, nombre_archivo, nombre_original, ruta, tamano, tipo) 
    values
        (?, ?, ?, ?, ?, ?, ?, ?)
Hibernate: 
    insert 
    into
        archivo_empleado
        (fecha_subida, id_empleado, mime_type, nombre_archivo, nombre_original, ruta, tamano, tipo) 
    values
        (?, ?, ?, ?, ?, ?, ?, ?)
2026-08-01T23:16:09.452-05:00 DEBUG 3432 --- [sgp] [nio-8080-exec-6] org.hibernate.SQL                        : 
    select
        e1_0.id_empleado,
        e1_0.apellidos,
        e1_0.estado_civil,
        e1_0.fecha_nacimiento,
        e1_0.nombre,
        e1_0.numero_documento,
        e1_0.tipo_documento 
    from
        empleado e1_0 
    where
        e1_0.id_empleado=?
Hibernate: 
    select
        e1_0.id_empleado,
        e1_0.apellidos,
        e1_0.estado_civil,
        e1_0.fecha_nacimiento,
        e1_0.nombre,
        e1_0.numero_documento,
        e1_0.tipo_documento 
    from
        empleado e1_0 
    where
        e1_0.id_empleado=?
2026-08-01T23:16:09.461-05:00 DEBUG 3432 --- [sgp] [nio-8080-exec-6] org.hibernate.SQL                        : 
    select
        c1_0.id_contrato,
        e2_0.id_empleado,
        e2_0.apellidos,
        e2_0.estado_civil,
        e2_0.fecha_nacimiento,
        e2_0.nombre,
        e2_0.numero_documento,
        e2_0.tipo_documento,
        c1_0.fecha_fin,
        c1_0.fecha_inicio,
        c1_0.salario,
        c1_0.tipo_contrato 
    from
        contrato c1_0 
    left join
        empleado e1_0 
            on e1_0.id_empleado=c1_0.id_empleado 
    left join
        empleado e2_0 
            on e2_0.id_empleado=c1_0.id_empleado 
    where
        e1_0.id_empleado=?
Hibernate: 
    select
        c1_0.id_contrato,
        e2_0.id_empleado,
        e2_0.apellidos,
        e2_0.estado_civil,
        e2_0.fecha_nacimiento,
        e2_0.nombre,
        e2_0.numero_documento,
        e2_0.tipo_documento,
        c1_0.fecha_fin,
        c1_0.fecha_inicio,
        c1_0.salario,
        c1_0.tipo_contrato 
    from
        contrato c1_0 
    left join
        empleado e1_0 
            on e1_0.id_empleado=c1_0.id_empleado 
    left join
        empleado e2_0 
            on e2_0.id_empleado=c1_0.id_empleado 
    where
        e1_0.id_empleado=?
2026-08-01T23:16:09.469-05:00 DEBUG 3432 --- [sgp] [nio-8080-exec-6] org.hibernate.SQL                        : 
    select
        ae1_0.id,
        ae1_0.fecha_subida,
        ae1_0.id_empleado,
        ae1_0.mime_type,
        ae1_0.nombre_archivo,
        ae1_0.nombre_original,
        ae1_0.ruta,
        ae1_0.tamano,
        ae1_0.tipo 
    from
        archivo_empleado ae1_0 
    where
        ae1_0.id_empleado=? 
    order by
        ae1_0.fecha_subida desc
Hibernate: 
    select
        ae1_0.id,
        ae1_0.fecha_subida,
        ae1_0.id_empleado,
        ae1_0.mime_type,
        ae1_0.nombre_archivo,
        ae1_0.nombre_original,
        ae1_0.ruta,
        ae1_0.tamano,
        ae1_0.tipo 
    from
        archivo_empleado ae1_0 
    where
        ae1_0.id_empleado=? 
    order by
        ae1_0.fecha_subida desc
2026-08-01T23:16:26.240-05:00 DEBUG 3432 --- [sgp] [nio-8080-exec-3] org.hibernate.SQL                        : 
    select
        ae1_0.id,
        ae1_0.fecha_subida,
        ae1_0.id_empleado,
        ae1_0.mime_type,
        ae1_0.nombre_archivo,
        ae1_0.nombre_original,
        ae1_0.ruta,
        ae1_0.tamano,
        ae1_0.tipo 
    from
        archivo_empleado ae1_0 
    where
        ae1_0.id=?
Hibernate: 
    select
        ae1_0.id,
        ae1_0.fecha_subida,
        ae1_0.id_empleado,
        ae1_0.mime_type,
        ae1_0.nombre_archivo,
        ae1_0.nombre_original,
        ae1_0.ruta,
        ae1_0.tamano,
        ae1_0.tipo 
    from
        archivo_empleado ae1_0 
    where
        ae1_0.id=?
2026-08-01T23:16:26.252-05:00 DEBUG 3432 --- [sgp] [nio-8080-exec-3] org.hibernate.SQL                        : 
    delete 
    from
        archivo_empleado 
    where
        id=?
Hibernate: 
    delete 
    from
        archivo_empleado 
    where
        id=?
2026-08-01T23:16:26.287-05:00 DEBUG 3432 --- [sgp] [nio-8080-exec-4] org.hibernate.SQL                        : 
    select
        e1_0.id_empleado,
        e1_0.apellidos,
        e1_0.estado_civil,
        e1_0.fecha_nacimiento,
        e1_0.nombre,
        e1_0.numero_documento,
        e1_0.tipo_documento 
    from
        empleado e1_0 
    where
        e1_0.id_empleado=?
Hibernate: 
    select
        e1_0.id_empleado,
        e1_0.apellidos,
        e1_0.estado_civil,
        e1_0.fecha_nacimiento,
        e1_0.nombre,
        e1_0.numero_documento,
        e1_0.tipo_documento 
    from
        empleado e1_0 
    where
        e1_0.id_empleado=?
2026-08-01T23:16:26.311-05:00 DEBUG 3432 --- [sgp] [nio-8080-exec-4] org.hibernate.SQL                        : 
    select
        c1_0.id_contrato,
        e2_0.id_empleado,
        e2_0.apellidos,
        e2_0.estado_civil,
        e2_0.fecha_nacimiento,
        e2_0.nombre,
        e2_0.numero_documento,
        e2_0.tipo_documento,
        c1_0.fecha_fin,
        c1_0.fecha_inicio,
        c1_0.salario,
        c1_0.tipo_contrato 
    from
        contrato c1_0 
    left join
        empleado e1_0 
            on e1_0.id_empleado=c1_0.id_empleado 
    left join
        empleado e2_0 
            on e2_0.id_empleado=c1_0.id_empleado 
    where
        e1_0.id_empleado=?
Hibernate: 
    select
        c1_0.id_contrato,
        e2_0.id_empleado,
        e2_0.apellidos,
        e2_0.estado_civil,
        e2_0.fecha_nacimiento,
        e2_0.nombre,
        e2_0.numero_documento,
        e2_0.tipo_documento,
        c1_0.fecha_fin,
        c1_0.fecha_inicio,
        c1_0.salario,
        c1_0.tipo_contrato 
    from
        contrato c1_0 
    left join
        empleado e1_0 
            on e1_0.id_empleado=c1_0.id_empleado 
    left join
        empleado e2_0 
            on e2_0.id_empleado=c1_0.id_empleado 
    where
        e1_0.id_empleado=?
2026-08-01T23:16:26.327-05:00 DEBUG 3432 --- [sgp] [nio-8080-exec-4] org.hibernate.SQL                        : 
    select
        ae1_0.id,
        ae1_0.fecha_subida,
        ae1_0.id_empleado,
        ae1_0.mime_type,
        ae1_0.nombre_archivo,
        ae1_0.nombre_original,
        ae1_0.ruta,
        ae1_0.tamano,
        ae1_0.tipo 
    from
        archivo_empleado ae1_0 
    where
        ae1_0.id_empleado=? 
    order by
        ae1_0.fecha_subida desc
Hibernate: 
    select
        ae1_0.id,
        ae1_0.fecha_subida,
        ae1_0.id_empleado,
        ae1_0.mime_type,
        ae1_0.nombre_archivo,
        ae1_0.nombre_original,
        ae1_0.ruta,
        ae1_0.tamano,
        ae1_0.tipo 
    from
        archivo_empleado ae1_0 
    where
        ae1_0.id_empleado=? 
    order by
        ae1_0.fecha_subida desc
2026-08-01T23:16:33.294-05:00 DEBUG 3432 --- [sgp] [nio-8080-exec-7] org.hibernate.SQL                        : 
    select
        e1_0.id_empleado,
        e1_0.apellidos,
        e1_0.estado_civil,
        e1_0.fecha_nacimiento,
        e1_0.nombre,
        e1_0.numero_documento,
        e1_0.tipo_documento 
    from
        empleado e1_0 
    where
        e1_0.numero_documento=?
Hibernate: 
    select
        e1_0.id_empleado,
        e1_0.apellidos,
        e1_0.estado_civil,
        e1_0.fecha_nacimiento,
        e1_0.nombre,
        e1_0.numero_documento,
        e1_0.tipo_documento 
    from
        empleado e1_0 
    where
        e1_0.numero_documento=?
2026-08-01T23:16:33.318-05:00 DEBUG 3432 --- [sgp] [nio-8080-exec-8] org.hibernate.SQL                        : 
    select
        e1_0.id_empleado,
        e1_0.apellidos,
        e1_0.estado_civil,
        e1_0.fecha_nacimiento,
        e1_0.nombre,
        e1_0.numero_documento,
        e1_0.tipo_documento 
    from
        empleado e1_0 
    where
        e1_0.id_empleado=?
Hibernate: 
    select
        e1_0.id_empleado,
        e1_0.apellidos,
        e1_0.estado_civil,
        e1_0.fecha_nacimiento,
        e1_0.nombre,
        e1_0.numero_documento,
        e1_0.tipo_documento 
    from
        empleado e1_0 
    where
        e1_0.id_empleado=?
2026-08-01T23:16:33.330-05:00 DEBUG 3432 --- [sgp] [nio-8080-exec-8] org.hibernate.SQL                        : 
    select
        c1_0.id_contrato,
        e2_0.id_empleado,
        e2_0.apellidos,
        e2_0.estado_civil,
        e2_0.fecha_nacimiento,
        e2_0.nombre,
        e2_0.numero_documento,
        e2_0.tipo_documento,
        c1_0.fecha_fin,
        c1_0.fecha_inicio,
        c1_0.salario,
        c1_0.tipo_contrato 
    from
        contrato c1_0 
    left join
        empleado e1_0 
            on e1_0.id_empleado=c1_0.id_empleado 
    left join
        empleado e2_0 
            on e2_0.id_empleado=c1_0.id_empleado 
    where
        e1_0.id_empleado=?
Hibernate: 
    select
        c1_0.id_contrato,
        e2_0.id_empleado,
        e2_0.apellidos,
        e2_0.estado_civil,
        e2_0.fecha_nacimiento,
        e2_0.nombre,
        e2_0.numero_documento,
        e2_0.tipo_documento,
        c1_0.fecha_fin,
        c1_0.fecha_inicio,
        c1_0.salario,
        c1_0.tipo_contrato 
    from
        contrato c1_0 
    left join
        empleado e1_0 
            on e1_0.id_empleado=c1_0.id_empleado 
    left join
        empleado e2_0 
            on e2_0.id_empleado=c1_0.id_empleado 
    where
        e1_0.id_empleado=?
2026-08-01T23:16:33.338-05:00 DEBUG 3432 --- [sgp] [nio-8080-exec-8] org.hibernate.SQL                        : 
    select
        ae1_0.id,
        ae1_0.fecha_subida,
        ae1_0.id_empleado,
        ae1_0.mime_type,
        ae1_0.nombre_archivo,
        ae1_0.nombre_original,
        ae1_0.ruta,
        ae1_0.tamano,
        ae1_0.tipo 
    from
        archivo_empleado ae1_0 
    where
        ae1_0.id_empleado=? 
    order by
        ae1_0.fecha_subida desc
Hibernate: 
    select
        ae1_0.id,
        ae1_0.fecha_subida,
        ae1_0.id_empleado,
        ae1_0.mime_type,
        ae1_0.nombre_archivo,
        ae1_0.nombre_original,
        ae1_0.ruta,
        ae1_0.tamano,
        ae1_0.tipo 
    from
        archivo_empleado ae1_0 
    where
        ae1_0.id_empleado=? 
    order by
        ae1_0.fecha_subida desc
2026-08-01T23:16:33.371-05:00 DEBUG 3432 --- [sgp] [nio-8080-exec-9] org.hibernate.SQL                        : 
    select
        n1_0.id_nomina,
        n1_0.bonificaciones,
        n1_0.id_contrato,
        c1_0.id_contrato,
        c1_0.id_empleado,
        c1_0.fecha_fin,
        c1_0.fecha_inicio,
        c1_0.salario,
        c1_0.tipo_contrato,
        n1_0.deducciones,
        n1_0.departamento,
        n1_0.id_empleado,
        e3_0.id_empleado,
        e3_0.apellidos,
        e3_0.estado_civil,
        e3_0.fecha_nacimiento,
        e3_0.nombre,
        e3_0.numero_documento,
        e3_0.tipo_documento,
        n1_0.estado,
        n1_0.fecha_pago,
        n1_0.municipio,
        n1_0.salario_base,
        n1_0.total_pagado 
    from
        nomina n1_0 
    left join
        empleado e1_0 
            on e1_0.id_empleado=n1_0.id_empleado 
    join
        contrato c1_0 
            on c1_0.id_contrato=n1_0.id_contrato 
    join
        empleado e3_0 
            on e3_0.id_empleado=n1_0.id_empleado 
    where
        e1_0.id_empleado=?
Hibernate: 
    select
        n1_0.id_nomina,
        n1_0.bonificaciones,
        n1_0.id_contrato,
        c1_0.id_contrato,
        c1_0.id_empleado,
        c1_0.fecha_fin,
        c1_0.fecha_inicio,
        c1_0.salario,
        c1_0.tipo_contrato,
        n1_0.deducciones,
        n1_0.departamento,
        n1_0.id_empleado,
        e3_0.id_empleado,
        e3_0.apellidos,
        e3_0.estado_civil,
        e3_0.fecha_nacimiento,
        e3_0.nombre,
        e3_0.numero_documento,
        e3_0.tipo_documento,
        n1_0.estado,
        n1_0.fecha_pago,
        n1_0.municipio,
        n1_0.salario_base,
        n1_0.total_pagado 
    from
        nomina n1_0 
    left join
        empleado e1_0 
            on e1_0.id_empleado=n1_0.id_empleado 
    join
        contrato c1_0 
            on c1_0.id_contrato=n1_0.id_contrato 
    join
        empleado e3_0 
            on e3_0.id_empleado=n1_0.id_empleado 
    where
        e1_0.id_empleado=?
2026-08-01T23:17:28.083-05:00 DEBUG 3432 --- [sgp] [nio-8080-exec-1] org.hibernate.SQL                        : 
    select
        u1_0.id,
        u1_0.activo,
        u1_0.correo,
        e1_0.id_empleado,
        e1_0.apellidos,
        e1_0.estado_civil,
        e1_0.fecha_nacimiento,
        e1_0.nombre,
        e1_0.numero_documento,
        e1_0.tipo_documento,
        u1_0.password,
        u1_0.rol 
    from
        usuario u1_0 
    left join
        empleado e1_0 
            on e1_0.id_empleado=u1_0.id_empleado 
    where
        u1_0.correo=?
Hibernate: 
    select
        u1_0.id,
        u1_0.activo,
        u1_0.correo,
        e1_0.id_empleado,
        e1_0.apellidos,
        e1_0.estado_civil,
        e1_0.fecha_nacimiento,
        e1_0.nombre,
        e1_0.numero_documento,
        e1_0.tipo_documento,
        u1_0.password,
        u1_0.rol 
    from
        usuario u1_0 
    left join
        empleado e1_0 
            on e1_0.id_empleado=u1_0.id_empleado 
    where
        u1_0.correo=?
2026-08-01T23:17:28.316-05:00 DEBUG 3432 --- [sgp] [nio-8080-exec-6] org.hibernate.SQL                        : 
    select
        u1_0.id,
        u1_0.activo,
        u1_0.correo,
        e1_0.id_empleado,
        e1_0.apellidos,
        e1_0.estado_civil,
        e1_0.fecha_nacimiento,
        e1_0.nombre,
        e1_0.numero_documento,
        e1_0.tipo_documento,
        u1_0.password,
        u1_0.rol 
    from
        usuario u1_0 
    left join
        empleado e1_0 
            on e1_0.id_empleado=u1_0.id_empleado 
    where
        u1_0.correo=?
Hibernate: 
    select
        u1_0.id,
        u1_0.activo,
        u1_0.correo,
        e1_0.id_empleado,
        e1_0.apellidos,
        e1_0.estado_civil,
        e1_0.fecha_nacimiento,
        e1_0.nombre,
        e1_0.numero_documento,
        e1_0.tipo_documento,
        u1_0.password,
        u1_0.rol 
    from
        usuario u1_0 
    left join
        empleado e1_0 
            on e1_0.id_empleado=u1_0.id_empleado 
    where
        u1_0.correo=?
2026-08-01T23:17:28.336-05:00 DEBUG 3432 --- [sgp] [nio-8080-exec-6] org.hibernate.SQL                        : 
    select
        e1_0.id_empleado,
        e1_0.apellidos,
        e1_0.estado_civil,
        e1_0.fecha_nacimiento,
        e1_0.nombre,
        e1_0.numero_documento,
        e1_0.tipo_documento 
    from
        empleado e1_0 
    where
        e1_0.id_empleado=?
Hibernate: 
    select
        e1_0.id_empleado,
        e1_0.apellidos,
        e1_0.estado_civil,
        e1_0.fecha_nacimiento,
        e1_0.nombre,
        e1_0.numero_documento,
        e1_0.tipo_documento 
    from
        empleado e1_0 
    where
        e1_0.id_empleado=?
2026-08-01T23:17:28.351-05:00 DEBUG 3432 --- [sgp] [nio-8080-exec-6] org.hibernate.SQL                        : 
    select
        c1_0.id_contrato,
        e2_0.id_empleado,
        e2_0.apellidos,
        e2_0.estado_civil,
        e2_0.fecha_nacimiento,
        e2_0.nombre,
        e2_0.numero_documento,
        e2_0.tipo_documento,
        c1_0.fecha_fin,
        c1_0.fecha_inicio,
        c1_0.salario,
        c1_0.tipo_contrato 
    from
        contrato c1_0 
    left join
        empleado e1_0 
            on e1_0.id_empleado=c1_0.id_empleado 
    left join
        empleado e2_0 
            on e2_0.id_empleado=c1_0.id_empleado 
    where
        e1_0.id_empleado=?
Hibernate: 
    select
        c1_0.id_contrato,
        e2_0.id_empleado,
        e2_0.apellidos,
        e2_0.estado_civil,
        e2_0.fecha_nacimiento,
        e2_0.nombre,
        e2_0.numero_documento,
        e2_0.tipo_documento,
        c1_0.fecha_fin,
        c1_0.fecha_inicio,
        c1_0.salario,
        c1_0.tipo_contrato 
    from
        contrato c1_0 
    left join
        empleado e1_0 
            on e1_0.id_empleado=c1_0.id_empleado 
    left join
        empleado e2_0 
            on e2_0.id_empleado=c1_0.id_empleado 
    where
        e1_0.id_empleado=?
2026-08-01T23:17:28.365-05:00 DEBUG 3432 --- [sgp] [nio-8080-exec-6] org.hibernate.SQL                        : 
    select
        n1_0.id_nomina,
        n1_0.bonificaciones,
        n1_0.id_contrato,
        c1_0.id_contrato,
        c1_0.id_empleado,
        c1_0.fecha_fin,
        c1_0.fecha_inicio,
        c1_0.salario,
        c1_0.tipo_contrato,
        n1_0.deducciones,
        n1_0.departamento,
        n1_0.id_empleado,
        e3_0.id_empleado,
        e3_0.apellidos,
        e3_0.estado_civil,
        e3_0.fecha_nacimiento,
        e3_0.nombre,
        e3_0.numero_documento,
        e3_0.tipo_documento,
        n1_0.estado,
        n1_0.fecha_pago,
        n1_0.municipio,
        n1_0.salario_base,
        n1_0.total_pagado 
    from
        nomina n1_0 
    left join
        empleado e1_0 
            on e1_0.id_empleado=n1_0.id_empleado 
    join
        contrato c1_0 
            on c1_0.id_contrato=n1_0.id_contrato 
    join
        empleado e3_0 
            on e3_0.id_empleado=n1_0.id_empleado 
    where
        e1_0.id_empleado=?
Hibernate: 
    select
        n1_0.id_nomina,
        n1_0.bonificaciones,
        n1_0.id_contrato,
        c1_0.id_contrato,
        c1_0.id_empleado,
        c1_0.fecha_fin,
        c1_0.fecha_inicio,
        c1_0.salario,
        c1_0.tipo_contrato,
        n1_0.deducciones,
        n1_0.departamento,
        n1_0.id_empleado,
        e3_0.id_empleado,
        e3_0.apellidos,
        e3_0.estado_civil,
        e3_0.fecha_nacimiento,
        e3_0.nombre,
        e3_0.numero_documento,
        e3_0.tipo_documento,
        n1_0.estado,
        n1_0.fecha_pago,
        n1_0.municipio,
        n1_0.salario_base,
        n1_0.total_pagado 
    from
        nomina n1_0 
    left join
        empleado e1_0 
            on e1_0.id_empleado=n1_0.id_empleado 
    join
        contrato c1_0 
            on c1_0.id_contrato=n1_0.id_contrato 
    join
        empleado e3_0 
            on e3_0.id_empleado=n1_0.id_empleado 
    where
        e1_0.id_empleado=?
2026-08-01T23:17:28.411-05:00 DEBUG 3432 --- [sgp] [nio-8080-exec-5] org.hibernate.SQL                        : 
    select
        u1_0.id,
        u1_0.activo,
        u1_0.correo,
        e1_0.id_empleado,
        e1_0.apellidos,
        e1_0.estado_civil,
        e1_0.fecha_nacimiento,
        e1_0.nombre,
        e1_0.numero_documento,
        e1_0.tipo_documento,
        u1_0.password,
        u1_0.rol 
    from
        usuario u1_0 
    left join
        empleado e1_0 
            on e1_0.id_empleado=u1_0.id_empleado 
    where
        u1_0.correo=?
Hibernate: 
    select
        u1_0.id,
        u1_0.activo,
        u1_0.correo,
        e1_0.id_empleado,
        e1_0.apellidos,
        e1_0.estado_civil,
        e1_0.fecha_nacimiento,
        e1_0.nombre,
        e1_0.numero_documento,
        e1_0.tipo_documento,
        u1_0.password,
        u1_0.rol 
    from
        usuario u1_0 
    left join
        empleado e1_0 
            on e1_0.id_empleado=u1_0.id_empleado 
    where
        u1_0.correo=?
2026-08-01T23:17:28.422-05:00 DEBUG 3432 --- [sgp] [nio-8080-exec-5] org.hibernate.SQL                        : 
    select
        e1_0.id_empleado,
        e1_0.apellidos,
        e1_0.estado_civil,
        e1_0.fecha_nacimiento,
        e1_0.nombre,
        e1_0.numero_documento,
        e1_0.tipo_documento 
    from
        empleado e1_0 
    where
        e1_0.id_empleado=?
Hibernate: 
    select
        e1_0.id_empleado,
        e1_0.apellidos,
        e1_0.estado_civil,
        e1_0.fecha_nacimiento,
        e1_0.nombre,
        e1_0.numero_documento,
        e1_0.tipo_documento 
    from
        empleado e1_0 
    where
        e1_0.id_empleado=?
2026-08-01T23:17:28.435-05:00 DEBUG 3432 --- [sgp] [nio-8080-exec-5] org.hibernate.SQL                        : 
    select
        c1_0.id_contrato,
        e2_0.id_empleado,
        e2_0.apellidos,
        e2_0.estado_civil,
        e2_0.fecha_nacimiento,
        e2_0.nombre,
        e2_0.numero_documento,
        e2_0.tipo_documento,
        c1_0.fecha_fin,
        c1_0.fecha_inicio,
        c1_0.salario,
        c1_0.tipo_contrato 
    from
        contrato c1_0 
    left join
        empleado e1_0 
            on e1_0.id_empleado=c1_0.id_empleado 
    left join
        empleado e2_0 
            on e2_0.id_empleado=c1_0.id_empleado 
    where
        e1_0.id_empleado=?
Hibernate: 
    select
        c1_0.id_contrato,
        e2_0.id_empleado,
        e2_0.apellidos,
        e2_0.estado_civil,
        e2_0.fecha_nacimiento,
        e2_0.nombre,
        e2_0.numero_documento,
        e2_0.tipo_documento,
        c1_0.fecha_fin,
        c1_0.fecha_inicio,
        c1_0.salario,
        c1_0.tipo_contrato 
    from
        contrato c1_0 
    left join
        empleado e1_0 
            on e1_0.id_empleado=c1_0.id_empleado 
    left join
        empleado e2_0 
            on e2_0.id_empleado=c1_0.id_empleado 
    where
        e1_0.id_empleado=?
2026-08-01T23:17:28.447-05:00 DEBUG 3432 --- [sgp] [nio-8080-exec-5] org.hibernate.SQL                        : 
    select
        n1_0.id_nomina,
        n1_0.bonificaciones,
        n1_0.id_contrato,
        c1_0.id_contrato,
        c1_0.id_empleado,
        c1_0.fecha_fin,
        c1_0.fecha_inicio,
        c1_0.salario,
        c1_0.tipo_contrato,
        n1_0.deducciones,
        n1_0.departamento,
        n1_0.id_empleado,
        e3_0.id_empleado,
        e3_0.apellidos,
        e3_0.estado_civil,
        e3_0.fecha_nacimiento,
        e3_0.nombre,
        e3_0.numero_documento,
        e3_0.tipo_documento,
        n1_0.estado,
        n1_0.fecha_pago,
        n1_0.municipio,
        n1_0.salario_base,
        n1_0.total_pagado 
    from
        nomina n1_0 
    left join
        empleado e1_0 
            on e1_0.id_empleado=n1_0.id_empleado 
    join
        contrato c1_0 
            on c1_0.id_contrato=n1_0.id_contrato 
    join
        empleado e3_0 
            on e3_0.id_empleado=n1_0.id_empleado 
    where
        e1_0.id_empleado=?
Hibernate: 
    select
        n1_0.id_nomina,
        n1_0.bonificaciones,
        n1_0.id_contrato,
        c1_0.id_contrato,
        c1_0.id_empleado,
        c1_0.fecha_fin,
        c1_0.fecha_inicio,
        c1_0.salario,
        c1_0.tipo_contrato,
        n1_0.deducciones,
        n1_0.departamento,
        n1_0.id_empleado,
        e3_0.id_empleado,
        e3_0.apellidos,
        e3_0.estado_civil,
        e3_0.fecha_nacimiento,
        e3_0.nombre,
        e3_0.numero_documento,
        e3_0.tipo_documento,
        n1_0.estado,
        n1_0.fecha_pago,
        n1_0.municipio,
        n1_0.salario_base,
        n1_0.total_pagado 
    from
        nomina n1_0 
    left join
        empleado e1_0 
            on e1_0.id_empleado=n1_0.id_empleado 
    join
        contrato c1_0 
            on c1_0.id_contrato=n1_0.id_contrato 
    join
        empleado e3_0 
            on e3_0.id_empleado=n1_0.id_empleado 
    where
        e1_0.id_empleado=?
2026-08-01T23:17:53.667-05:00 DEBUG 3432 --- [sgp] [nio-8080-exec-7] org.hibernate.SQL                        : 
    select
        u1_0.id,
        u1_0.activo,
        u1_0.correo,
        e1_0.id_empleado,
        e1_0.apellidos,
        e1_0.estado_civil,
        e1_0.fecha_nacimiento,
        e1_0.nombre,
        e1_0.numero_documento,
        e1_0.tipo_documento,
        u1_0.password,
        u1_0.rol 
    from
        usuario u1_0 
    left join
        empleado e1_0 
            on e1_0.id_empleado=u1_0.id_empleado 
    where
        u1_0.correo=?
Hibernate: 
    select
        u1_0.id,
        u1_0.activo,
        u1_0.correo,
        e1_0.id_empleado,
        e1_0.apellidos,
        e1_0.estado_civil,
        e1_0.fecha_nacimiento,
        e1_0.nombre,
        e1_0.numero_documento,
        e1_0.tipo_documento,
        u1_0.password,
        u1_0.rol 
    from
        usuario u1_0 
    left join
        empleado e1_0 
            on e1_0.id_empleado=u1_0.id_empleado 
    where
        u1_0.correo=?
2026-08-01T23:17:53.698-05:00 DEBUG 3432 --- [sgp] [nio-8080-exec-8] org.hibernate.SQL                        : 
    select
        u1_0.id,
        u1_0.activo,
        u1_0.correo,
        e1_0.id_empleado,
        e1_0.apellidos,
        e1_0.estado_civil,
        e1_0.fecha_nacimiento,
        e1_0.nombre,
        e1_0.numero_documento,
        e1_0.tipo_documento,
        u1_0.password,
        u1_0.rol 
    from
        usuario u1_0 
    left join
        empleado e1_0 
            on e1_0.id_empleado=u1_0.id_empleado 
    where
        u1_0.correo=?
Hibernate: 
    select
        u1_0.id,
        u1_0.activo,
        u1_0.correo,
        e1_0.id_empleado,
        e1_0.apellidos,
        e1_0.estado_civil,
        e1_0.fecha_nacimiento,
        e1_0.nombre,
        e1_0.numero_documento,
        e1_0.tipo_documento,
        u1_0.password,
        u1_0.rol 
    from
        usuario u1_0 
    left join
        empleado e1_0 
            on e1_0.id_empleado=u1_0.id_empleado 
    where
        u1_0.correo=?
2026-08-01T23:17:53.702-05:00 DEBUG 3432 --- [sgp] [nio-8080-exec-2] org.hibernate.SQL                        : 
    select
        u1_0.id,
        u1_0.activo,
        u1_0.correo,
        e1_0.id_empleado,
        e1_0.apellidos,
        e1_0.estado_civil,
        e1_0.fecha_nacimiento,
        e1_0.nombre,
        e1_0.numero_documento,
        e1_0.tipo_documento,
        u1_0.password,
        u1_0.rol 
    from
        usuario u1_0 
    left join
        empleado e1_0 
            on e1_0.id_empleado=u1_0.id_empleado 
    where
        u1_0.correo=?
Hibernate: 
    select
        u1_0.id,
        u1_0.activo,
        u1_0.correo,
        e1_0.id_empleado,
        e1_0.apellidos,
        e1_0.estado_civil,
        e1_0.fecha_nacimiento,
        e1_0.nombre,
        e1_0.numero_documento,
        e1_0.tipo_documento,
        u1_0.password,
        u1_0.rol 
    from
        usuario u1_0 
    left join
        empleado e1_0 
            on e1_0.id_empleado=u1_0.id_empleado 
    where
        u1_0.correo=?
2026-08-01T23:17:53.722-05:00 DEBUG 3432 --- [sgp] [nio-8080-exec-2] org.hibernate.SQL                        : 
    select
        e1_0.id_empleado,
        e1_0.apellidos,
        e1_0.estado_civil,
        e1_0.fecha_nacimiento,
        e1_0.nombre,
        e1_0.numero_documento,
        e1_0.tipo_documento 
    from
        empleado e1_0 
    where
        e1_0.id_empleado=?
Hibernate: 
    select
        e1_0.id_empleado,
        e1_0.apellidos,
        e1_0.estado_civil,
        e1_0.fecha_nacimiento,
        e1_0.nombre,
        e1_0.numero_documento,
        e1_0.tipo_documento 
    from
        empleado e1_0 
    where
        e1_0.id_empleado=?
2026-08-01T23:17:53.735-05:00 DEBUG 3432 --- [sgp] [nio-8080-exec-2] org.hibernate.SQL                        : 
    select
        c1_0.id_contrato,
        e2_0.id_empleado,
        e2_0.apellidos,
        e2_0.estado_civil,
        e2_0.fecha_nacimiento,
        e2_0.nombre,
        e2_0.numero_documento,
        e2_0.tipo_documento,
        c1_0.fecha_fin,
        c1_0.fecha_inicio,
        c1_0.salario,
        c1_0.tipo_contrato 
    from
        contrato c1_0 
    left join
        empleado e1_0 
            on e1_0.id_empleado=c1_0.id_empleado 
    left join
        empleado e2_0 
            on e2_0.id_empleado=c1_0.id_empleado 
    where
        e1_0.id_empleado=?
Hibernate: 
    select
        c1_0.id_contrato,
        e2_0.id_empleado,
        e2_0.apellidos,
        e2_0.estado_civil,
        e2_0.fecha_nacimiento,
        e2_0.nombre,
        e2_0.numero_documento,
        e2_0.tipo_documento,
        c1_0.fecha_fin,
        c1_0.fecha_inicio,
        c1_0.salario,
        c1_0.tipo_contrato 
    from
        contrato c1_0 
    left join
        empleado e1_0 
            on e1_0.id_empleado=c1_0.id_empleado 
    left join
        empleado e2_0 
            on e2_0.id_empleado=c1_0.id_empleado 
    where
        e1_0.id_empleado=?
2026-08-01T23:17:53.742-05:00 DEBUG 3432 --- [sgp] [nio-8080-exec-2] org.hibernate.SQL                        : 
    select
        ae1_0.id,
        ae1_0.fecha_subida,
        ae1_0.id_empleado,
        ae1_0.mime_type,
        ae1_0.nombre_archivo,
        ae1_0.nombre_original,
        ae1_0.ruta,
        ae1_0.tamano,
        ae1_0.tipo 
    from
        archivo_empleado ae1_0 
    where
        ae1_0.id_empleado=? 
    order by
        ae1_0.fecha_subida desc
Hibernate: 
    select
        ae1_0.id,
        ae1_0.fecha_subida,
        ae1_0.id_empleado,
        ae1_0.mime_type,
        ae1_0.nombre_archivo,
        ae1_0.nombre_original,
        ae1_0.ruta,
        ae1_0.tamano,
        ae1_0.tipo 
    from
        archivo_empleado ae1_0 
    where
        ae1_0.id_empleado=? 
    order by
        ae1_0.fecha_subida desc
2026-08-01T23:17:53.761-05:00 DEBUG 3432 --- [sgp] [nio-8080-exec-2] org.hibernate.SQL                        : 
    select
        u1_0.id,
        u1_0.activo,
        u1_0.correo,
        e1_0.id_empleado,
        e1_0.apellidos,
        e1_0.estado_civil,
        e1_0.fecha_nacimiento,
        e1_0.nombre,
        e1_0.numero_documento,
        e1_0.tipo_documento,
        u1_0.password,
        u1_0.rol 
    from
        usuario u1_0 
    left join
        empleado e1_0 
            on e1_0.id_empleado=u1_0.id_empleado 
    where
        u1_0.correo=?
Hibernate: 
    select
        u1_0.id,
        u1_0.activo,
        u1_0.correo,
        e1_0.id_empleado,
        e1_0.apellidos,
        e1_0.estado_civil,
        e1_0.fecha_nacimiento,
        e1_0.nombre,
        e1_0.numero_documento,
        e1_0.tipo_documento,
        u1_0.password,
        u1_0.rol 
    from
        usuario u1_0 
    left join
        empleado e1_0 
            on e1_0.id_empleado=u1_0.id_empleado 
    where
        u1_0.correo=?
2026-08-01T23:17:53.770-05:00 DEBUG 3432 --- [sgp] [nio-8080-exec-2] org.hibernate.SQL                        : 
    select
        e1_0.id_empleado,
        e1_0.apellidos,
        e1_0.estado_civil,
        e1_0.fecha_nacimiento,
        e1_0.nombre,
        e1_0.numero_documento,
        e1_0.tipo_documento 
    from
        empleado e1_0 
    where
        e1_0.id_empleado=?
Hibernate: 
    select
        e1_0.id_empleado,
        e1_0.apellidos,
        e1_0.estado_civil,
        e1_0.fecha_nacimiento,
        e1_0.nombre,
        e1_0.numero_documento,
        e1_0.tipo_documento 
    from
        empleado e1_0 
    where
        e1_0.id_empleado=?
2026-08-01T23:17:53.781-05:00 DEBUG 3432 --- [sgp] [nio-8080-exec-2] org.hibernate.SQL                        : 
    select
        c1_0.id_contrato,
        e2_0.id_empleado,
        e2_0.apellidos,
        e2_0.estado_civil,
        e2_0.fecha_nacimiento,
        e2_0.nombre,
        e2_0.numero_documento,
        e2_0.tipo_documento,
        c1_0.fecha_fin,
        c1_0.fecha_inicio,
        c1_0.salario,
        c1_0.tipo_contrato 
    from
        contrato c1_0 
    left join
        empleado e1_0 
            on e1_0.id_empleado=c1_0.id_empleado 
    left join
        empleado e2_0 
            on e2_0.id_empleado=c1_0.id_empleado 
    where
        e1_0.id_empleado=?
Hibernate: 
    select
        c1_0.id_contrato,
        e2_0.id_empleado,
        e2_0.apellidos,
        e2_0.estado_civil,
        e2_0.fecha_nacimiento,
        e2_0.nombre,
        e2_0.numero_documento,
        e2_0.tipo_documento,
        c1_0.fecha_fin,
        c1_0.fecha_inicio,
        c1_0.salario,
        c1_0.tipo_contrato 
    from
        contrato c1_0 
    left join
        empleado e1_0 
            on e1_0.id_empleado=c1_0.id_empleado 
    left join
        empleado e2_0 
            on e2_0.id_empleado=c1_0.id_empleado 
    where
        e1_0.id_empleado=?
2026-08-01T23:17:53.790-05:00 DEBUG 3432 --- [sgp] [nio-8080-exec-2] org.hibernate.SQL                        : 
    select
        ae1_0.id,
        ae1_0.fecha_subida,
        ae1_0.id_empleado,
        ae1_0.mime_type,
        ae1_0.nombre_archivo,
        ae1_0.nombre_original,
        ae1_0.ruta,
        ae1_0.tamano,
        ae1_0.tipo 
    from
        archivo_empleado ae1_0 
    where
        ae1_0.id_empleado=? 
    order by
        ae1_0.fecha_subida desc
Hibernate: 
    select
        ae1_0.id,
        ae1_0.fecha_subida,
        ae1_0.id_empleado,
        ae1_0.mime_type,
        ae1_0.nombre_archivo,
        ae1_0.nombre_original,
        ae1_0.ruta,
        ae1_0.tamano,
        ae1_0.tipo 
    from
        archivo_empleado ae1_0 
    where
        ae1_0.id_empleado=? 
    order by
        ae1_0.fecha_subida desc
2026-08-01T23:18:25.233-05:00 DEBUG 3432 --- [sgp] [io-8080-exec-10] org.hibernate.SQL                        : 
    select
        u1_0.id,
        u1_0.activo,
        u1_0.correo,
        e1_0.id_empleado,
        e1_0.apellidos,
        e1_0.estado_civil,
        e1_0.fecha_nacimiento,
        e1_0.nombre,
        e1_0.numero_documento,
        e1_0.tipo_documento,
        u1_0.password,
        u1_0.rol 
    from
        usuario u1_0 
    left join
        empleado e1_0 
            on e1_0.id_empleado=u1_0.id_empleado 
    where
        u1_0.correo=?
Hibernate: 
    select
        u1_0.id,
        u1_0.activo,
        u1_0.correo,
        e1_0.id_empleado,
        e1_0.apellidos,
        e1_0.estado_civil,
        e1_0.fecha_nacimiento,
        e1_0.nombre,
        e1_0.numero_documento,
        e1_0.tipo_documento,
        u1_0.password,
        u1_0.rol 
    from
        usuario u1_0 
    left join
        empleado e1_0 
            on e1_0.id_empleado=u1_0.id_empleado 
    where
        u1_0.correo=?
2026-08-01T23:18:25.273-05:00 DEBUG 3432 --- [sgp] [nio-8080-exec-1] org.hibernate.SQL                        : 
    select
        u1_0.id,
        u1_0.activo,
        u1_0.correo,
        e1_0.id_empleado,
        e1_0.apellidos,
        e1_0.estado_civil,
        e1_0.fecha_nacimiento,
        e1_0.nombre,
        e1_0.numero_documento,
        e1_0.tipo_documento,
        u1_0.password,
        u1_0.rol 
    from
        usuario u1_0 
    left join
        empleado e1_0 
            on e1_0.id_empleado=u1_0.id_empleado 
    where
        u1_0.correo=?
Hibernate: 
    select
        u1_0.id,
        u1_0.activo,
        u1_0.correo,
        e1_0.id_empleado,
        e1_0.apellidos,
        e1_0.estado_civil,
        e1_0.fecha_nacimiento,
        e1_0.nombre,
        e1_0.numero_documento,
        e1_0.tipo_documento,
        u1_0.password,
        u1_0.rol 
    from
        usuario u1_0 
    left join
        empleado e1_0 
            on e1_0.id_empleado=u1_0.id_empleado 
    where
        u1_0.correo=?
2026-08-01T23:18:25.286-05:00 DEBUG 3432 --- [sgp] [nio-8080-exec-6] org.hibernate.SQL                        : 
    select
        u1_0.id,
        u1_0.activo,
        u1_0.correo,
        e1_0.id_empleado,
        e1_0.apellidos,
        e1_0.estado_civil,
        e1_0.fecha_nacimiento,
        e1_0.nombre,
        e1_0.numero_documento,
        e1_0.tipo_documento,
        u1_0.password,
        u1_0.rol 
    from
        usuario u1_0 
    left join
        empleado e1_0 
            on e1_0.id_empleado=u1_0.id_empleado 
    where
        u1_0.correo=?
Hibernate: 
    select
        u1_0.id,
        u1_0.activo,
        u1_0.correo,
        e1_0.id_empleado,
        e1_0.apellidos,
        e1_0.estado_civil,
        e1_0.fecha_nacimiento,
        e1_0.nombre,
        e1_0.numero_documento,
        e1_0.tipo_documento,
        u1_0.password,
        u1_0.rol 
    from
        usuario u1_0 
    left join
        empleado e1_0 
            on e1_0.id_empleado=u1_0.id_empleado 
    where
        u1_0.correo=?
2026-08-01T23:18:25.300-05:00 DEBUG 3432 --- [sgp] [nio-8080-exec-6] org.hibernate.SQL                        : 
    select
        e1_0.id_empleado,
        e1_0.apellidos,
        e1_0.estado_civil,
        e1_0.fecha_nacimiento,
        e1_0.nombre,
        e1_0.numero_documento,
        e1_0.tipo_documento 
    from
        empleado e1_0 
    where
        e1_0.id_empleado=?
Hibernate: 
    select
        e1_0.id_empleado,
        e1_0.apellidos,
        e1_0.estado_civil,
        e1_0.fecha_nacimiento,
        e1_0.nombre,
        e1_0.numero_documento,
        e1_0.tipo_documento 
    from
        empleado e1_0 
    where
        e1_0.id_empleado=?
2026-08-01T23:18:25.311-05:00 DEBUG 3432 --- [sgp] [nio-8080-exec-6] org.hibernate.SQL                        : 
    select
        c1_0.id_contrato,
        e2_0.id_empleado,
        e2_0.apellidos,
        e2_0.estado_civil,
        e2_0.fecha_nacimiento,
        e2_0.nombre,
        e2_0.numero_documento,
        e2_0.tipo_documento,
        c1_0.fecha_fin,
        c1_0.fecha_inicio,
        c1_0.salario,
        c1_0.tipo_contrato 
    from
        contrato c1_0 
    left join
        empleado e1_0 
            on e1_0.id_empleado=c1_0.id_empleado 
    left join
        empleado e2_0 
            on e2_0.id_empleado=c1_0.id_empleado 
    where
        e1_0.id_empleado=?
Hibernate: 
    select
        c1_0.id_contrato,
        e2_0.id_empleado,
        e2_0.apellidos,
        e2_0.estado_civil,
        e2_0.fecha_nacimiento,
        e2_0.nombre,
        e2_0.numero_documento,
        e2_0.tipo_documento,
        c1_0.fecha_fin,
        c1_0.fecha_inicio,
        c1_0.salario,
        c1_0.tipo_contrato 
    from
        contrato c1_0 
    left join
        empleado e1_0 
            on e1_0.id_empleado=c1_0.id_empleado 
    left join
        empleado e2_0 
            on e2_0.id_empleado=c1_0.id_empleado 
    where
        e1_0.id_empleado=?
2026-08-01T23:18:25.320-05:00 DEBUG 3432 --- [sgp] [nio-8080-exec-6] org.hibernate.SQL                        : 
    select
        ae1_0.id,
        ae1_0.fecha_subida,
        ae1_0.id_empleado,
        ae1_0.mime_type,
        ae1_0.nombre_archivo,
        ae1_0.nombre_original,
        ae1_0.ruta,
        ae1_0.tamano,
        ae1_0.tipo 
    from
        archivo_empleado ae1_0 
    where
        ae1_0.id_empleado=? 
    order by
        ae1_0.fecha_subida desc
Hibernate: 
    select
        ae1_0.id,
        ae1_0.fecha_subida,
        ae1_0.id_empleado,
        ae1_0.mime_type,
        ae1_0.nombre_archivo,
        ae1_0.nombre_original,
        ae1_0.ruta,
        ae1_0.tamano,
        ae1_0.tipo 
    from
        archivo_empleado ae1_0 
    where
        ae1_0.id_empleado=? 
    order by
        ae1_0.fecha_subida desc
2026-08-01T23:18:25.351-05:00 DEBUG 3432 --- [sgp] [nio-8080-exec-5] org.hibernate.SQL                        : 
    select
        u1_0.id,
        u1_0.activo,
        u1_0.correo,
        e1_0.id_empleado,
        e1_0.apellidos,
        e1_0.estado_civil,
        e1_0.fecha_nacimiento,
        e1_0.nombre,
        e1_0.numero_documento,
        e1_0.tipo_documento,
        u1_0.password,
        u1_0.rol 
    from
        usuario u1_0 
    left join
        empleado e1_0 
            on e1_0.id_empleado=u1_0.id_empleado 
    where
        u1_0.correo=?
Hibernate: 
    select
        u1_0.id,
        u1_0.activo,
        u1_0.correo,
        e1_0.id_empleado,
        e1_0.apellidos,
        e1_0.estado_civil,
        e1_0.fecha_nacimiento,
        e1_0.nombre,
        e1_0.numero_documento,
        e1_0.tipo_documento,
        u1_0.password,
        u1_0.rol 
    from
        usuario u1_0 
    left join
        empleado e1_0 
            on e1_0.id_empleado=u1_0.id_empleado 
    where
        u1_0.correo=?
2026-08-01T23:18:25.355-05:00 DEBUG 3432 --- [sgp] [nio-8080-exec-4] org.hibernate.SQL                        : 
    select
        u1_0.id,
        u1_0.activo,
        u1_0.correo,
        e1_0.id_empleado,
        e1_0.apellidos,
        e1_0.estado_civil,
        e1_0.fecha_nacimiento,
        e1_0.nombre,
        e1_0.numero_documento,
        e1_0.tipo_documento,
        u1_0.password,
        u1_0.rol 
    from
        usuario u1_0 
    left join
        empleado e1_0 
            on e1_0.id_empleado=u1_0.id_empleado 
    where
        u1_0.correo=?
Hibernate: 
    select
        u1_0.id,
        u1_0.activo,
        u1_0.correo,
        e1_0.id_empleado,
        e1_0.apellidos,
        e1_0.estado_civil,
        e1_0.fecha_nacimiento,
        e1_0.nombre,
        e1_0.numero_documento,
        e1_0.tipo_documento,
        u1_0.password,
        u1_0.rol 
    from
        usuario u1_0 
    left join
        empleado e1_0 
            on e1_0.id_empleado=u1_0.id_empleado 
    where
        u1_0.correo=?
2026-08-01T23:18:25.364-05:00 DEBUG 3432 --- [sgp] [nio-8080-exec-5] org.hibernate.SQL                        : 
    select
        e1_0.id_empleado,
        e1_0.apellidos,
        e1_0.estado_civil,
        e1_0.fecha_nacimiento,
        e1_0.nombre,
        e1_0.numero_documento,
        e1_0.tipo_documento 
    from
        empleado e1_0 
    where
        e1_0.id_empleado=?
Hibernate: 
    select
        e1_0.id_empleado,
        e1_0.apellidos,
        e1_0.estado_civil,
        e1_0.fecha_nacimiento,
        e1_0.nombre,
        e1_0.numero_documento,
        e1_0.tipo_documento 
    from
        empleado e1_0 
    where
        e1_0.id_empleado=?
2026-08-01T23:18:25.369-05:00 DEBUG 3432 --- [sgp] [nio-8080-exec-4] org.hibernate.SQL                        : 
    select
        n1_0.id_nomina,
        n1_0.bonificaciones,
        n1_0.id_contrato,
        c1_0.id_contrato,
        c1_0.id_empleado,
        c1_0.fecha_fin,
        c1_0.fecha_inicio,
        c1_0.salario,
        c1_0.tipo_contrato,
        n1_0.deducciones,
        n1_0.departamento,
        n1_0.id_empleado,
        e3_0.id_empleado,
        e3_0.apellidos,
        e3_0.estado_civil,
        e3_0.fecha_nacimiento,
        e3_0.nombre,
        e3_0.numero_documento,
        e3_0.tipo_documento,
        n1_0.estado,
        n1_0.fecha_pago,
        n1_0.municipio,
        n1_0.salario_base,
        n1_0.total_pagado 
    from
        nomina n1_0 
    left join
        empleado e1_0 
            on e1_0.id_empleado=n1_0.id_empleado 
    join
        contrato c1_0 
            on c1_0.id_contrato=n1_0.id_contrato 
    join
        empleado e3_0 
            on e3_0.id_empleado=n1_0.id_empleado 
    where
        e1_0.id_empleado=?
Hibernate: 
    select
        n1_0.id_nomina,
        n1_0.bonificaciones,
        n1_0.id_contrato,
        c1_0.id_contrato,
        c1_0.id_empleado,
        c1_0.fecha_fin,
        c1_0.fecha_inicio,
        c1_0.salario,
        c1_0.tipo_contrato,
        n1_0.deducciones,
        n1_0.departamento,
        n1_0.id_empleado,
        e3_0.id_empleado,
        e3_0.apellidos,
        e3_0.estado_civil,
        e3_0.fecha_nacimiento,
        e3_0.nombre,
        e3_0.numero_documento,
        e3_0.tipo_documento,
        n1_0.estado,
        n1_0.fecha_pago,
        n1_0.municipio,
        n1_0.salario_base,
        n1_0.total_pagado 
    from
        nomina n1_0 
    left join
        empleado e1_0 
            on e1_0.id_empleado=n1_0.id_empleado 
    join
        contrato c1_0 
            on c1_0.id_contrato=n1_0.id_contrato 
    join
        empleado e3_0 
            on e3_0.id_empleado=n1_0.id_empleado 
    where
        e1_0.id_empleado=?
2026-08-01T23:18:25.375-05:00 DEBUG 3432 --- [sgp] [nio-8080-exec-5] org.hibernate.SQL                        : 
    select
        c1_0.id_contrato,
        e2_0.id_empleado,
        e2_0.apellidos,
        e2_0.estado_civil,
        e2_0.fecha_nacimiento,
        e2_0.nombre,
        e2_0.numero_documento,
        e2_0.tipo_documento,
        c1_0.fecha_fin,
        c1_0.fecha_inicio,
        c1_0.salario,
        c1_0.tipo_contrato 
    from
        contrato c1_0 
    left join
        empleado e1_0 
            on e1_0.id_empleado=c1_0.id_empleado 
    left join
        empleado e2_0 
            on e2_0.id_empleado=c1_0.id_empleado 
    where
        e1_0.id_empleado=?
Hibernate: 
    select
        c1_0.id_contrato,
        e2_0.id_empleado,
        e2_0.apellidos,
        e2_0.estado_civil,
        e2_0.fecha_nacimiento,
        e2_0.nombre,
        e2_0.numero_documento,
        e2_0.tipo_documento,
        c1_0.fecha_fin,
        c1_0.fecha_inicio,
        c1_0.salario,
        c1_0.tipo_contrato 
    from
        contrato c1_0 
    left join
        empleado e1_0 
            on e1_0.id_empleado=c1_0.id_empleado 
    left join
        empleado e2_0 
            on e2_0.id_empleado=c1_0.id_empleado 
    where
        e1_0.id_empleado=?
2026-08-01T23:18:25.383-05:00 DEBUG 3432 --- [sgp] [nio-8080-exec-5] org.hibernate.SQL                        : 
    select
        ae1_0.id,
        ae1_0.fecha_subida,
        ae1_0.id_empleado,
        ae1_0.mime_type,
        ae1_0.nombre_archivo,
        ae1_0.nombre_original,
        ae1_0.ruta,
        ae1_0.tamano,
        ae1_0.tipo 
    from
        archivo_empleado ae1_0 
    where
        ae1_0.id_empleado=? 
    order by
        ae1_0.fecha_subida desc
Hibernate: 
    select
        ae1_0.id,
        ae1_0.fecha_subida,
        ae1_0.id_empleado,
        ae1_0.mime_type,
        ae1_0.nombre_archivo,
        ae1_0.nombre_original,
        ae1_0.ruta,
        ae1_0.tamano,
        ae1_0.tipo 
    from
        archivo_empleado ae1_0 
    where
        ae1_0.id_empleado=? 
    order by
        ae1_0.fecha_subida desc
2026-08-01T23:18:25.410-05:00 DEBUG 3432 --- [sgp] [nio-8080-exec-3] org.hibernate.SQL                        : 
    select
        u1_0.id,
        u1_0.activo,
        u1_0.correo,
        e1_0.id_empleado,
        e1_0.apellidos,
        e1_0.estado_civil,
        e1_0.fecha_nacimiento,
        e1_0.nombre,
        e1_0.numero_documento,
        e1_0.tipo_documento,
        u1_0.password,
        u1_0.rol 
    from
        usuario u1_0 
    left join
        empleado e1_0 
            on e1_0.id_empleado=u1_0.id_empleado 
    where
        u1_0.correo=?
Hibernate: 
    select
        u1_0.id,
        u1_0.activo,
        u1_0.correo,
        e1_0.id_empleado,
        e1_0.apellidos,
        e1_0.estado_civil,
        e1_0.fecha_nacimiento,
        e1_0.nombre,
        e1_0.numero_documento,
        e1_0.tipo_documento,
        u1_0.password,
        u1_0.rol 
    from
        usuario u1_0 
    left join
        empleado e1_0 
            on e1_0.id_empleado=u1_0.id_empleado 
    where
        u1_0.correo=?
2026-08-01T23:18:25.421-05:00 DEBUG 3432 --- [sgp] [nio-8080-exec-3] org.hibernate.SQL                        : 
    select
        n1_0.id_nomina,
        n1_0.bonificaciones,
        n1_0.id_contrato,
        c1_0.id_contrato,
        c1_0.id_empleado,
        c1_0.fecha_fin,
        c1_0.fecha_inicio,
        c1_0.salario,
        c1_0.tipo_contrato,
        n1_0.deducciones,
        n1_0.departamento,
        n1_0.id_empleado,
        e3_0.id_empleado,
        e3_0.apellidos,
        e3_0.estado_civil,
        e3_0.fecha_nacimiento,
        e3_0.nombre,
        e3_0.numero_documento,
        e3_0.tipo_documento,
        n1_0.estado,
        n1_0.fecha_pago,
        n1_0.municipio,
        n1_0.salario_base,
        n1_0.total_pagado 
    from
        nomina n1_0 
    left join
        empleado e1_0 
            on e1_0.id_empleado=n1_0.id_empleado 
    join
        contrato c1_0 
            on c1_0.id_contrato=n1_0.id_contrato 
    join
        empleado e3_0 
            on e3_0.id_empleado=n1_0.id_empleado 
    where
        e1_0.id_empleado=?
Hibernate: 
    select
        n1_0.id_nomina,
        n1_0.bonificaciones,
        n1_0.id_contrato,
        c1_0.id_contrato,
        c1_0.id_empleado,
        c1_0.fecha_fin,
        c1_0.fecha_inicio,
        c1_0.salario,
        c1_0.tipo_contrato,
        n1_0.deducciones,
        n1_0.departamento,
        n1_0.id_empleado,
        e3_0.id_empleado,
        e3_0.apellidos,
        e3_0.estado_civil,
        e3_0.fecha_nacimiento,
        e3_0.nombre,
        e3_0.numero_documento,
        e3_0.tipo_documento,
        n1_0.estado,
        n1_0.fecha_pago,
        n1_0.municipio,
        n1_0.salario_base,
        n1_0.total_pagado 
    from
        nomina n1_0 
    left join
        empleado e1_0 
            on e1_0.id_empleado=n1_0.id_empleado 
    join
        contrato c1_0 
            on c1_0.id_contrato=n1_0.id_contrato 
    join
        empleado e3_0 
            on e3_0.id_empleado=n1_0.id_empleado 
    where
        e1_0.id_empleado=?
2026-08-01T23:18:55.205-05:00 DEBUG 3432 --- [sgp] [nio-8080-exec-7] org.hibernate.SQL                        : 
    select
        u1_0.id,
        u1_0.activo,
        u1_0.correo,
        e1_0.id_empleado,
        e1_0.apellidos,
        e1_0.estado_civil,
        e1_0.fecha_nacimiento,
        e1_0.nombre,
        e1_0.numero_documento,
        e1_0.tipo_documento,
        u1_0.password,
        u1_0.rol 
    from
        usuario u1_0 
    left join
        empleado e1_0 
            on e1_0.id_empleado=u1_0.id_empleado 
    where
        u1_0.correo=?
Hibernate: 
    select
        u1_0.id,
        u1_0.activo,
        u1_0.correo,
        e1_0.id_empleado,
        e1_0.apellidos,
        e1_0.estado_civil,
        e1_0.fecha_nacimiento,
        e1_0.nombre,
        e1_0.numero_documento,
        e1_0.tipo_documento,
        u1_0.password,
        u1_0.rol 
    from
        usuario u1_0 
    left join
        empleado e1_0 
            on e1_0.id_empleado=u1_0.id_empleado 
    where
        u1_0.correo=?
2026-08-01T23:18:55.230-05:00 DEBUG 3432 --- [sgp] [nio-8080-exec-7] org.hibernate.SQL                        : 
    select
        e1_0.id_empleado,
        e1_0.apellidos,
        e1_0.estado_civil,
        e1_0.fecha_nacimiento,
        e1_0.nombre,
        e1_0.numero_documento,
        e1_0.tipo_documento 
    from
        empleado e1_0 
    where
        e1_0.id_empleado=?
Hibernate: 
    select
        e1_0.id_empleado,
        e1_0.apellidos,
        e1_0.estado_civil,
        e1_0.fecha_nacimiento,
        e1_0.nombre,
        e1_0.numero_documento,
        e1_0.tipo_documento 
    from
        empleado e1_0 
    where
        e1_0.id_empleado=?
2026-08-01T23:18:55.239-05:00 DEBUG 3432 --- [sgp] [nio-8080-exec-7] org.hibernate.SQL                        : 
    select
        c1_0.id_contrato,
        e2_0.id_empleado,
        e2_0.apellidos,
        e2_0.estado_civil,
        e2_0.fecha_nacimiento,
        e2_0.nombre,
        e2_0.numero_documento,
        e2_0.tipo_documento,
        c1_0.fecha_fin,
        c1_0.fecha_inicio,
        c1_0.salario,
        c1_0.tipo_contrato 
    from
        contrato c1_0 
    left join
        empleado e1_0 
            on e1_0.id_empleado=c1_0.id_empleado 
    left join
        empleado e2_0 
            on e2_0.id_empleado=c1_0.id_empleado 
    where
        e1_0.id_empleado=?
Hibernate: 
    select
        c1_0.id_contrato,
        e2_0.id_empleado,
        e2_0.apellidos,
        e2_0.estado_civil,
        e2_0.fecha_nacimiento,
        e2_0.nombre,
        e2_0.numero_documento,
        e2_0.tipo_documento,
        c1_0.fecha_fin,
        c1_0.fecha_inicio,
        c1_0.salario,
        c1_0.tipo_contrato 
    from
        contrato c1_0 
    left join
        empleado e1_0 
            on e1_0.id_empleado=c1_0.id_empleado 
    left join
        empleado e2_0 
            on e2_0.id_empleado=c1_0.id_empleado 
    where
        e1_0.id_empleado=?
2026-08-01T23:18:55.246-05:00 DEBUG 3432 --- [sgp] [nio-8080-exec-7] org.hibernate.SQL                        : 
    select
        n1_0.id_nomina,
        n1_0.bonificaciones,
        n1_0.id_contrato,
        c1_0.id_contrato,
        c1_0.id_empleado,
        c1_0.fecha_fin,
        c1_0.fecha_inicio,
        c1_0.salario,
        c1_0.tipo_contrato,
        n1_0.deducciones,
        n1_0.departamento,
        n1_0.id_empleado,
        e3_0.id_empleado,
        e3_0.apellidos,
        e3_0.estado_civil,
        e3_0.fecha_nacimiento,
        e3_0.nombre,
        e3_0.numero_documento,
        e3_0.tipo_documento,
        n1_0.estado,
        n1_0.fecha_pago,
        n1_0.municipio,
        n1_0.salario_base,
        n1_0.total_pagado 
    from
        nomina n1_0 
    left join
        empleado e1_0 
            on e1_0.id_empleado=n1_0.id_empleado 
    join
        contrato c1_0 
            on c1_0.id_contrato=n1_0.id_contrato 
    join
        empleado e3_0 
            on e3_0.id_empleado=n1_0.id_empleado 
    where
        e1_0.id_empleado=?
Hibernate: 
    select
        n1_0.id_nomina,
        n1_0.bonificaciones,
        n1_0.id_contrato,
        c1_0.id_contrato,
        c1_0.id_empleado,
        c1_0.fecha_fin,
        c1_0.fecha_inicio,
        c1_0.salario,
        c1_0.tipo_contrato,
        n1_0.deducciones,
        n1_0.departamento,
        n1_0.id_empleado,
        e3_0.id_empleado,
        e3_0.apellidos,
        e3_0.estado_civil,
        e3_0.fecha_nacimiento,
        e3_0.nombre,
        e3_0.numero_documento,
        e3_0.tipo_documento,
        n1_0.estado,
        n1_0.fecha_pago,
        n1_0.municipio,
        n1_0.salario_base,
        n1_0.total_pagado 
    from
        nomina n1_0 
    left join
        empleado e1_0 
            on e1_0.id_empleado=n1_0.id_empleado 
    join
        contrato c1_0 
            on c1_0.id_contrato=n1_0.id_contrato 
    join
        empleado e3_0 
            on e3_0.id_empleado=n1_0.id_empleado 
    where
        e1_0.id_empleado=?
2026-08-01T23:18:55.264-05:00 DEBUG 3432 --- [sgp] [nio-8080-exec-8] org.hibernate.SQL                        : 
    select
        u1_0.id,
        u1_0.activo,
        u1_0.correo,
        e1_0.id_empleado,
        e1_0.apellidos,
        e1_0.estado_civil,
        e1_0.fecha_nacimiento,
        e1_0.nombre,
        e1_0.numero_documento,
        e1_0.tipo_documento,
        u1_0.password,
        u1_0.rol 
    from
        usuario u1_0 
    left join
        empleado e1_0 
            on e1_0.id_empleado=u1_0.id_empleado 
    where
        u1_0.correo=?
Hibernate: 
    select
        u1_0.id,
        u1_0.activo,
        u1_0.correo,
        e1_0.id_empleado,
        e1_0.apellidos,
        e1_0.estado_civil,
        e1_0.fecha_nacimiento,
        e1_0.nombre,
        e1_0.numero_documento,
        e1_0.tipo_documento,
        u1_0.password,
        u1_0.rol 
    from
        usuario u1_0 
    left join
        empleado e1_0 
            on e1_0.id_empleado=u1_0.id_empleado 
    where
        u1_0.correo=?
2026-08-01T23:18:55.274-05:00 DEBUG 3432 --- [sgp] [nio-8080-exec-8] org.hibernate.SQL                        : 
    select
        e1_0.id_empleado,
        e1_0.apellidos,
        e1_0.estado_civil,
        e1_0.fecha_nacimiento,
        e1_0.nombre,
        e1_0.numero_documento,
        e1_0.tipo_documento 
    from
        empleado e1_0 
    where
        e1_0.id_empleado=?
Hibernate: 
    select
        e1_0.id_empleado,
        e1_0.apellidos,
        e1_0.estado_civil,
        e1_0.fecha_nacimiento,
        e1_0.nombre,
        e1_0.numero_documento,
        e1_0.tipo_documento 
    from
        empleado e1_0 
    where
        e1_0.id_empleado=?
2026-08-01T23:18:55.283-05:00 DEBUG 3432 --- [sgp] [nio-8080-exec-8] org.hibernate.SQL                        : 
    select
        c1_0.id_contrato,
        e2_0.id_empleado,
        e2_0.apellidos,
        e2_0.estado_civil,
        e2_0.fecha_nacimiento,
        e2_0.nombre,
        e2_0.numero_documento,
        e2_0.tipo_documento,
        c1_0.fecha_fin,
        c1_0.fecha_inicio,
        c1_0.salario,
        c1_0.tipo_contrato 
    from
        contrato c1_0 
    left join
        empleado e1_0 
            on e1_0.id_empleado=c1_0.id_empleado 
    left join
        empleado e2_0 
            on e2_0.id_empleado=c1_0.id_empleado 
    where
        e1_0.id_empleado=?
Hibernate: 
    select
        c1_0.id_contrato,
        e2_0.id_empleado,
        e2_0.apellidos,
        e2_0.estado_civil,
        e2_0.fecha_nacimiento,
        e2_0.nombre,
        e2_0.numero_documento,
        e2_0.tipo_documento,
        c1_0.fecha_fin,
        c1_0.fecha_inicio,
        c1_0.salario,
        c1_0.tipo_contrato 
    from
        contrato c1_0 
    left join
        empleado e1_0 
            on e1_0.id_empleado=c1_0.id_empleado 
    left join
        empleado e2_0 
            on e2_0.id_empleado=c1_0.id_empleado 
    where
        e1_0.id_empleado=?
2026-08-01T23:18:55.293-05:00 DEBUG 3432 --- [sgp] [nio-8080-exec-8] org.hibernate.SQL                        : 
    select
        n1_0.id_nomina,
        n1_0.bonificaciones,
        n1_0.id_contrato,
        c1_0.id_contrato,
        c1_0.id_empleado,
        c1_0.fecha_fin,
        c1_0.fecha_inicio,
        c1_0.salario,
        c1_0.tipo_contrato,
        n1_0.deducciones,
        n1_0.departamento,
        n1_0.id_empleado,
        e3_0.id_empleado,
        e3_0.apellidos,
        e3_0.estado_civil,
        e3_0.fecha_nacimiento,
        e3_0.nombre,
        e3_0.numero_documento,
        e3_0.tipo_documento,
        n1_0.estado,
        n1_0.fecha_pago,
        n1_0.municipio,
        n1_0.salario_base,
        n1_0.total_pagado 
    from
        nomina n1_0 
    left join
        empleado e1_0 
            on e1_0.id_empleado=n1_0.id_empleado 
    join
        contrato c1_0 
            on c1_0.id_contrato=n1_0.id_contrato 
    join
        empleado e3_0 
            on e3_0.id_empleado=n1_0.id_empleado 
    where
        e1_0.id_empleado=?
Hibernate: 
    select
        n1_0.id_nomina,
        n1_0.bonificaciones,
        n1_0.id_contrato,
        c1_0.id_contrato,
        c1_0.id_empleado,
        c1_0.fecha_fin,
        c1_0.fecha_inicio,
        c1_0.salario,
        c1_0.tipo_contrato,
        n1_0.deducciones,
        n1_0.departamento,
        n1_0.id_empleado,
        e3_0.id_empleado,
        e3_0.apellidos,
        e3_0.estado_civil,
        e3_0.fecha_nacimiento,
        e3_0.nombre,
        e3_0.numero_documento,
        e3_0.tipo_documento,
        n1_0.estado,
        n1_0.fecha_pago,
        n1_0.municipio,
        n1_0.salario_base,
        n1_0.total_pagado 
    from
        nomina n1_0 
    left join
        empleado e1_0 
            on e1_0.id_empleado=n1_0.id_empleado 
    join
        contrato c1_0 
            on c1_0.id_contrato=n1_0.id_contrato 
    join
        empleado e3_0 
            on e3_0.id_empleado=n1_0.id_empleado 
    where
        e1_0.id_empleado=?
2026-08-01T23:19:12.737-05:00 DEBUG 3432 --- [sgp] [nio-8080-exec-9] org.hibernate.SQL                        : 
    select
        u1_0.id,
        u1_0.activo,
        u1_0.correo,
        e1_0.id_empleado,
        e1_0.apellidos,
        e1_0.estado_civil,
        e1_0.fecha_nacimiento,
        e1_0.nombre,
        e1_0.numero_documento,
        e1_0.tipo_documento,
        u1_0.password,
        u1_0.rol 
    from
        usuario u1_0 
    left join
        empleado e1_0 
            on e1_0.id_empleado=u1_0.id_empleado 
    where
        u1_0.correo=?
Hibernate: 
    select
        u1_0.id,
        u1_0.activo,
        u1_0.correo,
        e1_0.id_empleado,
        e1_0.apellidos,
        e1_0.estado_civil,
        e1_0.fecha_nacimiento,
        e1_0.nombre,
        e1_0.numero_documento,
        e1_0.tipo_documento,
        u1_0.password,
        u1_0.rol 
    from
        usuario u1_0 
    left join
        empleado e1_0 
            on e1_0.id_empleado=u1_0.id_empleado 
    where
        u1_0.correo=?
2026-08-01T23:19:12.928-05:00 DEBUG 3432 --- [sgp] [nio-8080-exec-2] org.hibernate.SQL                        : 
    select
        count(*) 
    from
        empleado e1_0
Hibernate: 
    select
        count(*) 
    from
        empleado e1_0
2026-08-01T23:19:12.937-05:00 DEBUG 3432 --- [sgp] [nio-8080-exec-2] org.hibernate.SQL                        : 
    select
        count(*) 
    from
        contrato c1_0
Hibernate: 
    select
        count(*) 
    from
        contrato c1_0
2026-08-01T23:19:12.944-05:00 DEBUG 3432 --- [sgp] [nio-8080-exec-2] org.hibernate.SQL                        : 
    select
        count(*) 
    from
        usuario u1_0
Hibernate: 
    select
        count(*) 
    from
        usuario u1_0
2026-08-01T23:19:12.953-05:00 DEBUG 3432 --- [sgp] [nio-8080-exec-2] org.hibernate.SQL                        : 
    select
        count(*) 
    from
        nomina n1_0
Hibernate: 
    select
        count(*) 
    from
        nomina n1_0
2026-08-01T23:19:12.960-05:00 DEBUG 3432 --- [sgp] [nio-8080-exec-2] org.hibernate.SQL                        : 
    select
        coalesce(sum(n1_0.total_pagado), 0) 
    from
        nomina n1_0
Hibernate: 
    select
        coalesce(sum(n1_0.total_pagado), 0) 
    from
        nomina n1_0
2026-08-01T23:19:12.966-05:00 DEBUG 3432 --- [sgp] [nio-8080-exec-2] org.hibernate.SQL                        : 
    select
        e1_0.id_empleado,
        e1_0.apellidos,
        e1_0.estado_civil,
        e1_0.fecha_nacimiento,
        e1_0.nombre,
        e1_0.numero_documento,
        e1_0.tipo_documento 
    from
        empleado e1_0 
    order by
        e1_0.id_empleado desc 
    limit
        ?
Hibernate: 
    select
        e1_0.id_empleado,
        e1_0.apellidos,
        e1_0.estado_civil,
        e1_0.fecha_nacimiento,
        e1_0.nombre,
        e1_0.numero_documento,
        e1_0.tipo_documento 
    from
        empleado e1_0 
    order by
        e1_0.id_empleado desc 
    limit
        ?
2026-08-01T23:19:12.971-05:00 DEBUG 3432 --- [sgp] [nio-8080-exec-2] org.hibernate.SQL                        : 
    select
        c1_0.id_contrato,
        e1_0.id_empleado,
        e1_0.apellidos,
        e1_0.estado_civil,
        e1_0.fecha_nacimiento,
        e1_0.nombre,
        e1_0.numero_documento,
        e1_0.tipo_documento,
        c1_0.fecha_fin,
        c1_0.fecha_inicio,
        c1_0.salario,
        c1_0.tipo_contrato 
    from
        contrato c1_0 
    join
        empleado e1_0 
            on e1_0.id_empleado=c1_0.id_empleado
Hibernate: 
    select
        c1_0.id_contrato,
        e1_0.id_empleado,
        e1_0.apellidos,
        e1_0.estado_civil,
        e1_0.fecha_nacimiento,
        e1_0.nombre,
        e1_0.numero_documento,
        e1_0.tipo_documento,
        c1_0.fecha_fin,
        c1_0.fecha_inicio,
        c1_0.salario,
        c1_0.tipo_contrato 
    from
        contrato c1_0 
    join
        empleado e1_0 
            on e1_0.id_empleado=c1_0.id_empleado
2026-08-01T23:19:12.994-05:00 DEBUG 3432 --- [sgp] [io-8080-exec-10] org.hibernate.SQL                        : 
    select
        count(*) 
    from
        empleado e1_0
Hibernate: 
    select
        count(*) 
    from
        empleado e1_0
2026-08-01T23:19:13.002-05:00 DEBUG 3432 --- [sgp] [io-8080-exec-10] org.hibernate.SQL                        : 
    select
        count(*) 
    from
        contrato c1_0
Hibernate: 
    select
        count(*) 
    from
        contrato c1_0
2026-08-01T23:19:13.006-05:00 DEBUG 3432 --- [sgp] [io-8080-exec-10] org.hibernate.SQL                        : 
    select
        count(*) 
    from
        usuario u1_0
Hibernate: 
    select
        count(*) 
    from
        usuario u1_0
2026-08-01T23:19:13.008-05:00 DEBUG 3432 --- [sgp] [io-8080-exec-10] org.hibernate.SQL                        : 
    select
        count(*) 
    from
        nomina n1_0
Hibernate: 
    select
        count(*) 
    from
        nomina n1_0
2026-08-01T23:19:13.014-05:00 DEBUG 3432 --- [sgp] [io-8080-exec-10] org.hibernate.SQL                        : 
    select
        coalesce(sum(n1_0.total_pagado), 0) 
    from
        nomina n1_0
Hibernate: 
    select
        coalesce(sum(n1_0.total_pagado), 0) 
    from
        nomina n1_0
2026-08-01T23:19:13.019-05:00 DEBUG 3432 --- [sgp] [io-8080-exec-10] org.hibernate.SQL                        : 
    select
        e1_0.id_empleado,
        e1_0.apellidos,
        e1_0.estado_civil,
        e1_0.fecha_nacimiento,
        e1_0.nombre,
        e1_0.numero_documento,
        e1_0.tipo_documento 
    from
        empleado e1_0 
    order by
        e1_0.id_empleado desc 
    limit
        ?
Hibernate: 
    select
        e1_0.id_empleado,
        e1_0.apellidos,
        e1_0.estado_civil,
        e1_0.fecha_nacimiento,
        e1_0.nombre,
        e1_0.numero_documento,
        e1_0.tipo_documento 
    from
        empleado e1_0 
    order by
        e1_0.id_empleado desc 
    limit
        ?
2026-08-01T23:19:13.023-05:00 DEBUG 3432 --- [sgp] [io-8080-exec-10] org.hibernate.SQL                        : 
    select
        c1_0.id_contrato,
        e1_0.id_empleado,
        e1_0.apellidos,
        e1_0.estado_civil,
        e1_0.fecha_nacimiento,
        e1_0.nombre,
        e1_0.numero_documento,
        e1_0.tipo_documento,
        c1_0.fecha_fin,
        c1_0.fecha_inicio,
        c1_0.salario,
        c1_0.tipo_contrato 
    from
        contrato c1_0 
    join
        empleado e1_0 
            on e1_0.id_empleado=c1_0.id_empleado
Hibernate: 
    select
        c1_0.id_contrato,
        e1_0.id_empleado,
        e1_0.apellidos,
        e1_0.estado_civil,
        e1_0.fecha_nacimiento,
        e1_0.nombre,
        e1_0.numero_documento,
        e1_0.tipo_documento,
        c1_0.fecha_fin,
        c1_0.fecha_inicio,
        c1_0.salario,
        c1_0.tipo_contrato 
    from
        contrato c1_0 
    join
        empleado e1_0 
            on e1_0.id_empleado=c1_0.id_empleado
2026-08-01T23:19:18.308-05:00 DEBUG 3432 --- [sgp] [nio-8080-exec-1] org.hibernate.SQL                        : 
    select
        c1_0.id_contrato,
        e1_0.id_empleado,
        e1_0.apellidos,
        e1_0.estado_civil,
        e1_0.fecha_nacimiento,
        e1_0.nombre,
        e1_0.numero_documento,
        e1_0.tipo_documento,
        c1_0.fecha_fin,
        c1_0.fecha_inicio,
        c1_0.salario,
        c1_0.tipo_contrato 
    from
        contrato c1_0 
    left join
        empleado e1_0 
            on e1_0.id_empleado=c1_0.id_empleado
Hibernate: 
    select
        c1_0.id_contrato,
        e1_0.id_empleado,
        e1_0.apellidos,
        e1_0.estado_civil,
        e1_0.fecha_nacimiento,
        e1_0.nombre,
        e1_0.numero_documento,
        e1_0.tipo_documento,
        c1_0.fecha_fin,
        c1_0.fecha_inicio,
        c1_0.salario,
        c1_0.tipo_contrato 
    from
        contrato c1_0 
    left join
        empleado e1_0 
            on e1_0.id_empleado=c1_0.id_empleado
2026-08-01T23:19:18.327-05:00 DEBUG 3432 --- [sgp] [nio-8080-exec-6] org.hibernate.SQL                        : 
    select
        c1_0.id_contrato,
        e1_0.id_empleado,
        e1_0.apellidos,
        e1_0.estado_civil,
        e1_0.fecha_nacimiento,
        e1_0.nombre,
        e1_0.numero_documento,
        e1_0.tipo_documento,
        c1_0.fecha_fin,
        c1_0.fecha_inicio,
        c1_0.salario,
        c1_0.tipo_contrato 
    from
        contrato c1_0 
    left join
        empleado e1_0 
            on e1_0.id_empleado=c1_0.id_empleado
Hibernate: 
    select
        c1_0.id_contrato,
        e1_0.id_empleado,
        e1_0.apellidos,
        e1_0.estado_civil,
        e1_0.fecha_nacimiento,
        e1_0.nombre,
        e1_0.numero_documento,
        e1_0.tipo_documento,
        c1_0.fecha_fin,
        c1_0.fecha_inicio,
        c1_0.salario,
        c1_0.tipo_contrato 
    from
        contrato c1_0 
    left join
        empleado e1_0 
            on e1_0.id_empleado=c1_0.id_empleado
2026-08-01T23:19:18.329-05:00 DEBUG 3432 --- [sgp] [nio-8080-exec-4] org.hibernate.SQL                        : 
    select
        e1_0.id_empleado,
        e1_0.apellidos,
        e1_0.estado_civil,
        e1_0.fecha_nacimiento,
        e1_0.nombre,
        e1_0.numero_documento,
        e1_0.tipo_documento 
    from
        empleado e1_0
Hibernate: 
    select
        e1_0.id_empleado,
        e1_0.apellidos,
        e1_0.estado_civil,
        e1_0.fecha_nacimiento,
        e1_0.nombre,
        e1_0.numero_documento,
        e1_0.tipo_documento 
    from
        empleado e1_0
2026-08-01T23:19:18.345-05:00 DEBUG 3432 --- [sgp] [nio-8080-exec-5] org.hibernate.SQL                        : 
    select
        e1_0.id_empleado,
        e1_0.apellidos,
        e1_0.estado_civil,
        e1_0.fecha_nacimiento,
        e1_0.nombre,
        e1_0.numero_documento,
        e1_0.tipo_documento 
    from
        empleado e1_0
Hibernate: 
    select
        e1_0.id_empleado,
        e1_0.apellidos,
        e1_0.estado_civil,
        e1_0.fecha_nacimiento,
        e1_0.nombre,
        e1_0.numero_documento,
        e1_0.tipo_documento 
    from
        empleado e1_0
2026-08-01T23:19:22.785-05:00 DEBUG 3432 --- [sgp] [nio-8080-exec-3] org.hibernate.SQL                        : 
    select
        u1_0.id,
        u1_0.activo,
        u1_0.correo,
        e1_0.id_empleado,
        e1_0.apellidos,
        e1_0.estado_civil,
        e1_0.fecha_nacimiento,
        e1_0.nombre,
        e1_0.numero_documento,
        e1_0.tipo_documento,
        u1_0.password,
        u1_0.rol 
    from
        usuario u1_0 
    left join
        empleado e1_0 
            on e1_0.id_empleado=u1_0.id_empleado
Hibernate: 
    select
        u1_0.id,
        u1_0.activo,
        u1_0.correo,
        e1_0.id_empleado,
        e1_0.apellidos,
        e1_0.estado_civil,
        e1_0.fecha_nacimiento,
        e1_0.nombre,
        e1_0.numero_documento,
        e1_0.tipo_documento,
        u1_0.password,
        u1_0.rol 
    from
        usuario u1_0 
    left join
        empleado e1_0 
            on e1_0.id_empleado=u1_0.id_empleado
2026-08-01T23:19:22.805-05:00 DEBUG 3432 --- [sgp] [nio-8080-exec-7] org.hibernate.SQL                        : 
    select
        u1_0.id,
        u1_0.activo,
        u1_0.correo,
        e1_0.id_empleado,
        e1_0.apellidos,
        e1_0.estado_civil,
        e1_0.fecha_nacimiento,
        e1_0.nombre,
        e1_0.numero_documento,
        e1_0.tipo_documento,
        u1_0.password,
        u1_0.rol 
    from
        usuario u1_0 
    left join
        empleado e1_0 
            on e1_0.id_empleado=u1_0.id_empleado
Hibernate: 
    select
        u1_0.id,
        u1_0.activo,
        u1_0.correo,
        e1_0.id_empleado,
        e1_0.apellidos,
        e1_0.estado_civil,
        e1_0.fecha_nacimiento,
        e1_0.nombre,
        e1_0.numero_documento,
        e1_0.tipo_documento,
        u1_0.password,
        u1_0.rol 
    from
        usuario u1_0 
    left join
        empleado e1_0 
            on e1_0.id_empleado=u1_0.id_empleado
2026-08-01T23:19:22.809-05:00 DEBUG 3432 --- [sgp] [nio-8080-exec-8] org.hibernate.SQL                        : 
    select
        e1_0.id_empleado,
        e1_0.apellidos,
        e1_0.estado_civil,
        e1_0.fecha_nacimiento,
        e1_0.nombre,
        e1_0.numero_documento,
        e1_0.tipo_documento 
    from
        empleado e1_0
Hibernate: 
    select
        e1_0.id_empleado,
        e1_0.apellidos,
        e1_0.estado_civil,
        e1_0.fecha_nacimiento,
        e1_0.nombre,
        e1_0.numero_documento,
        e1_0.tipo_documento 
    from
        empleado e1_0
2026-08-01T23:19:22.826-05:00 DEBUG 3432 --- [sgp] [nio-8080-exec-9] org.hibernate.SQL                        : 
    select
        e1_0.id_empleado,
        e1_0.apellidos,
        e1_0.estado_civil,
        e1_0.fecha_nacimiento,
        e1_0.nombre,
        e1_0.numero_documento,
        e1_0.tipo_documento 
    from
        empleado e1_0
Hibernate: 
    select
        e1_0.id_empleado,
        e1_0.apellidos,
        e1_0.estado_civil,
        e1_0.fecha_nacimiento,
        e1_0.nombre,
        e1_0.numero_documento,
        e1_0.tipo_documento 
    from
        empleado e1_0
2026-08-01T23:19:25.438-05:00 DEBUG 3432 --- [sgp] [nio-8080-exec-2] org.hibernate.SQL                        : 
    select
        n1_0.id_nomina,
        n1_0.bonificaciones,
        n1_0.id_contrato,
        c1_0.id_contrato,
        c1_0.id_empleado,
        c1_0.fecha_fin,
        c1_0.fecha_inicio,
        c1_0.salario,
        c1_0.tipo_contrato,
        n1_0.deducciones,
        n1_0.departamento,
        n1_0.id_empleado,
        e2_0.id_empleado,
        e2_0.apellidos,
        e2_0.estado_civil,
        e2_0.fecha_nacimiento,
        e2_0.nombre,
        e2_0.numero_documento,
        e2_0.tipo_documento,
        n1_0.estado,
        n1_0.fecha_pago,
        n1_0.municipio,
        n1_0.salario_base,
        n1_0.total_pagado 
    from
        nomina n1_0 
    join
        contrato c1_0 
            on c1_0.id_contrato=n1_0.id_contrato 
    join
        empleado e2_0 
            on e2_0.id_empleado=n1_0.id_empleado
Hibernate: 
    select
        n1_0.id_nomina,
        n1_0.bonificaciones,
        n1_0.id_contrato,
        c1_0.id_contrato,
        c1_0.id_empleado,
        c1_0.fecha_fin,
        c1_0.fecha_inicio,
        c1_0.salario,
        c1_0.tipo_contrato,
        n1_0.deducciones,
        n1_0.departamento,
        n1_0.id_empleado,
        e2_0.id_empleado,
        e2_0.apellidos,
        e2_0.estado_civil,
        e2_0.fecha_nacimiento,
        e2_0.nombre,
        e2_0.numero_documento,
        e2_0.tipo_documento,
        n1_0.estado,
        n1_0.fecha_pago,
        n1_0.municipio,
        n1_0.salario_base,
        n1_0.total_pagado 
    from
        nomina n1_0 
    join
        contrato c1_0 
            on c1_0.id_contrato=n1_0.id_contrato 
    join
        empleado e2_0 
            on e2_0.id_empleado=n1_0.id_empleado
2026-08-01T23:19:25.457-05:00 DEBUG 3432 --- [sgp] [io-8080-exec-10] org.hibernate.SQL                        : 
    select
        n1_0.id_nomina,
        n1_0.bonificaciones,
        n1_0.id_contrato,
        c1_0.id_contrato,
        c1_0.id_empleado,
        c1_0.fecha_fin,
        c1_0.fecha_inicio,
        c1_0.salario,
        c1_0.tipo_contrato,
        n1_0.deducciones,
        n1_0.departamento,
        n1_0.id_empleado,
        e2_0.id_empleado,
        e2_0.apellidos,
        e2_0.estado_civil,
        e2_0.fecha_nacimiento,
        e2_0.nombre,
        e2_0.numero_documento,
        e2_0.tipo_documento,
        n1_0.estado,
        n1_0.fecha_pago,
        n1_0.municipio,
        n1_0.salario_base,
        n1_0.total_pagado 
    from
        nomina n1_0 
    join
        contrato c1_0 
            on c1_0.id_contrato=n1_0.id_contrato 
    join
        empleado e2_0 
            on e2_0.id_empleado=n1_0.id_empleado
Hibernate: 
    select
        n1_0.id_nomina,
        n1_0.bonificaciones,
        n1_0.id_contrato,
        c1_0.id_contrato,
        c1_0.id_empleado,
        c1_0.fecha_fin,
        c1_0.fecha_inicio,
        c1_0.salario,
        c1_0.tipo_contrato,
        n1_0.deducciones,
        n1_0.departamento,
        n1_0.id_empleado,
        e2_0.id_empleado,
        e2_0.apellidos,
        e2_0.estado_civil,
        e2_0.fecha_nacimiento,
        e2_0.nombre,
        e2_0.numero_documento,
        e2_0.tipo_documento,
        n1_0.estado,
        n1_0.fecha_pago,
        n1_0.municipio,
        n1_0.salario_base,
        n1_0.total_pagado 
    from
        nomina n1_0 
    join
        contrato c1_0 
            on c1_0.id_contrato=n1_0.id_contrato 
    join
        empleado e2_0 
            on e2_0.id_empleado=n1_0.id_empleado
2026-08-01T23:19:25.962-05:00 DEBUG 3432 --- [sgp] [nio-8080-exec-4] org.hibernate.SQL                        : 
    select
        e1_0.id_empleado,
        e1_0.apellidos,
        e1_0.estado_civil,
        e1_0.fecha_nacimiento,
        e1_0.nombre,
        e1_0.numero_documento,
        e1_0.tipo_documento 
    from
        empleado e1_0
Hibernate: 
    select
        e1_0.id_empleado,
        e1_0.apellidos,
        e1_0.estado_civil,
        e1_0.fecha_nacimiento,
        e1_0.nombre,
        e1_0.numero_documento,
        e1_0.tipo_documento 
    from
        empleado e1_0
2026-08-01T23:19:25.997-05:00 DEBUG 3432 --- [sgp] [nio-8080-exec-5] org.hibernate.SQL                        : 
    select
        c1_0.id_contrato,
        e1_0.id_empleado,
        e1_0.apellidos,
        e1_0.estado_civil,
        e1_0.fecha_nacimiento,
        e1_0.nombre,
        e1_0.numero_documento,
        e1_0.tipo_documento,
        c1_0.fecha_fin,
        c1_0.fecha_inicio,
        c1_0.salario,
        c1_0.tipo_contrato 
    from
        contrato c1_0 
    left join
        empleado e1_0 
            on e1_0.id_empleado=c1_0.id_empleado
Hibernate: 
    select
        c1_0.id_contrato,
        e1_0.id_empleado,
        e1_0.apellidos,
        e1_0.estado_civil,
        e1_0.fecha_nacimiento,
        e1_0.nombre,
        e1_0.numero_documento,
        e1_0.tipo_documento,
        c1_0.fecha_fin,
        c1_0.fecha_inicio,
        c1_0.salario,
        c1_0.tipo_contrato 
    from
        contrato c1_0 
    left join
        empleado e1_0 
            on e1_0.id_empleado=c1_0.id_empleado
2026-08-01T23:19:26.092-05:00 DEBUG 3432 --- [sgp] [nio-8080-exec-3] org.hibernate.SQL                        : 
    select
        e1_0.id_empleado,
        e1_0.apellidos,
        e1_0.estado_civil,
        e1_0.fecha_nacimiento,
        e1_0.nombre,
        e1_0.numero_documento,
        e1_0.tipo_documento 
    from
        empleado e1_0
Hibernate: 
    select
        e1_0.id_empleado,
        e1_0.apellidos,
        e1_0.estado_civil,
        e1_0.fecha_nacimiento,
        e1_0.nombre,
        e1_0.numero_documento,
        e1_0.tipo_documento 
    from
        empleado e1_0
2026-08-01T23:19:26.127-05:00 DEBUG 3432 --- [sgp] [nio-8080-exec-7] org.hibernate.SQL                        : 
    select
        c1_0.id_contrato,
        e1_0.id_empleado,
        e1_0.apellidos,
        e1_0.estado_civil,
        e1_0.fecha_nacimiento,
        e1_0.nombre,
        e1_0.numero_documento,
        e1_0.tipo_documento,
        c1_0.fecha_fin,
        c1_0.fecha_inicio,
        c1_0.salario,
        c1_0.tipo_contrato 
    from
        contrato c1_0 
    left join
        empleado e1_0 
            on e1_0.id_empleado=c1_0.id_empleado
Hibernate: 
    select
        c1_0.id_contrato,
        e1_0.id_empleado,
        e1_0.apellidos,
        e1_0.estado_civil,
        e1_0.fecha_nacimiento,
        e1_0.nombre,
        e1_0.numero_documento,
        e1_0.tipo_documento,
        c1_0.fecha_fin,
        c1_0.fecha_inicio,
        c1_0.salario,
        c1_0.tipo_contrato 
    from
        contrato c1_0 
    left join
        empleado e1_0 
            on e1_0.id_empleado=c1_0.id_empleado
2026-08-01T23:19:27.911-05:00 DEBUG 3432 --- [sgp] [nio-8080-exec-8] org.hibernate.SQL                        : 
    select
        c1_0.id_contrato,
        e1_0.id_empleado,
        e1_0.apellidos,
        e1_0.estado_civil,
        e1_0.fecha_nacimiento,
        e1_0.nombre,
        e1_0.numero_documento,
        e1_0.tipo_documento,
        c1_0.fecha_fin,
        c1_0.fecha_inicio,
        c1_0.salario,
        c1_0.tipo_contrato 
    from
        contrato c1_0 
    left join
        empleado e1_0 
            on e1_0.id_empleado=c1_0.id_empleado
Hibernate: 
    select
        c1_0.id_contrato,
        e1_0.id_empleado,
        e1_0.apellidos,
        e1_0.estado_civil,
        e1_0.fecha_nacimiento,
        e1_0.nombre,
        e1_0.numero_documento,
        e1_0.tipo_documento,
        c1_0.fecha_fin,
        c1_0.fecha_inicio,
        c1_0.salario,
        c1_0.tipo_contrato 
    from
        contrato c1_0 
    left join
        empleado e1_0 
            on e1_0.id_empleado=c1_0.id_empleado
2026-08-01T23:19:27.941-05:00 DEBUG 3432 --- [sgp] [nio-8080-exec-9] org.hibernate.SQL                        : 
    select
        c1_0.id_contrato,
        e1_0.id_empleado,
        e1_0.apellidos,
        e1_0.estado_civil,
        e1_0.fecha_nacimiento,
        e1_0.nombre,
        e1_0.numero_documento,
        e1_0.tipo_documento,
        c1_0.fecha_fin,
        c1_0.fecha_inicio,
        c1_0.salario,
        c1_0.tipo_contrato 
    from
        contrato c1_0 
    left join
        empleado e1_0 
            on e1_0.id_empleado=c1_0.id_empleado
Hibernate: 
    select
        c1_0.id_contrato,
        e1_0.id_empleado,
        e1_0.apellidos,
        e1_0.estado_civil,
        e1_0.fecha_nacimiento,
        e1_0.nombre,
        e1_0.numero_documento,
        e1_0.tipo_documento,
        c1_0.fecha_fin,
        c1_0.fecha_inicio,
        c1_0.salario,
        c1_0.tipo_contrato 
    from
        contrato c1_0 
    left join
        empleado e1_0 
            on e1_0.id_empleado=c1_0.id_empleado
2026-08-01T23:19:27.949-05:00 DEBUG 3432 --- [sgp] [nio-8080-exec-2] org.hibernate.SQL                        : 
    select
        e1_0.id_empleado,
        e1_0.apellidos,
        e1_0.estado_civil,
        e1_0.fecha_nacimiento,
        e1_0.nombre,
        e1_0.numero_documento,
        e1_0.tipo_documento 
    from
        empleado e1_0
Hibernate: 
    select
        e1_0.id_empleado,
        e1_0.apellidos,
        e1_0.estado_civil,
        e1_0.fecha_nacimiento,
        e1_0.nombre,
        e1_0.numero_documento,
        e1_0.tipo_documento 
    from
        empleado e1_0
2026-08-01T23:19:27.978-05:00 DEBUG 3432 --- [sgp] [io-8080-exec-10] org.hibernate.SQL                        : 
    select
        e1_0.id_empleado,
        e1_0.apellidos,
        e1_0.estado_civil,
        e1_0.fecha_nacimiento,
        e1_0.nombre,
        e1_0.numero_documento,
        e1_0.tipo_documento 
    from
        empleado e1_0
Hibernate: 
    select
        e1_0.id_empleado,
        e1_0.apellidos,
        e1_0.estado_civil,
        e1_0.fecha_nacimiento,
        e1_0.nombre,
        e1_0.numero_documento,
        e1_0.tipo_documento 
    from
        empleado e1_0
2026-08-01T23:19:30.011-05:00 DEBUG 3432 --- [sgp] [nio-8080-exec-1] org.hibernate.SQL                        : 
    select
        e1_0.id_empleado,
        e1_0.apellidos,
        e1_0.estado_civil,
        e1_0.fecha_nacimiento,
        e1_0.nombre,
        e1_0.numero_documento,
        e1_0.tipo_documento 
    from
        empleado e1_0
Hibernate: 
    select
        e1_0.id_empleado,
        e1_0.apellidos,
        e1_0.estado_civil,
        e1_0.fecha_nacimiento,
        e1_0.nombre,
        e1_0.numero_documento,
        e1_0.tipo_documento 
    from
        empleado e1_0
2026-08-01T23:19:30.034-05:00 DEBUG 3432 --- [sgp] [nio-8080-exec-4] org.hibernate.SQL                        : 
    select
        e1_0.id_empleado,
        e1_0.apellidos,
        e1_0.estado_civil,
        e1_0.fecha_nacimiento,
        e1_0.nombre,
        e1_0.numero_documento,
        e1_0.tipo_documento 
    from
        empleado e1_0
Hibernate: 
    select
        e1_0.id_empleado,
        e1_0.apellidos,
        e1_0.estado_civil,
        e1_0.fecha_nacimiento,
        e1_0.nombre,
        e1_0.numero_documento,
        e1_0.tipo_documento 
    from
        empleado e1_0
2026-08-01T23:20:01.028-05:00 DEBUG 3432 --- [sgp] [nio-8080-exec-6] org.hibernate.SQL                        : 
    insert 
    into
        empleado
        (apellidos, estado_civil, fecha_nacimiento, nombre, numero_documento, tipo_documento) 
    values
        (?, ?, ?, ?, ?, ?)
Hibernate: 
    insert 
    into
        empleado
        (apellidos, estado_civil, fecha_nacimiento, nombre, numero_documento, tipo_documento) 
    values
        (?, ?, ?, ?, ?, ?)
2026-08-01T23:20:01.070-05:00 DEBUG 3432 --- [sgp] [nio-8080-exec-3] org.hibernate.SQL                        : 
    select
        e1_0.id_empleado,
        e1_0.apellidos,
        e1_0.estado_civil,
        e1_0.fecha_nacimiento,
        e1_0.nombre,
        e1_0.numero_documento,
        e1_0.tipo_documento 
    from
        empleado e1_0
Hibernate: 
    select
        e1_0.id_empleado,
        e1_0.apellidos,
        e1_0.estado_civil,
        e1_0.fecha_nacimiento,
        e1_0.nombre,
        e1_0.numero_documento,
        e1_0.tipo_documento 
    from
        empleado e1_0
2026-08-01T23:20:09.516-05:00 DEBUG 3432 --- [sgp] [nio-8080-exec-7] org.hibernate.SQL                        : 
    select
        c1_0.id_contrato,
        e1_0.id_empleado,
        e1_0.apellidos,
        e1_0.estado_civil,
        e1_0.fecha_nacimiento,
        e1_0.nombre,
        e1_0.numero_documento,
        e1_0.tipo_documento,
        c1_0.fecha_fin,
        c1_0.fecha_inicio,
        c1_0.salario,
        c1_0.tipo_contrato 
    from
        contrato c1_0 
    left join
        empleado e1_0 
            on e1_0.id_empleado=c1_0.id_empleado
Hibernate: 
    select
        c1_0.id_contrato,
        e1_0.id_empleado,
        e1_0.apellidos,
        e1_0.estado_civil,
        e1_0.fecha_nacimiento,
        e1_0.nombre,
        e1_0.numero_documento,
        e1_0.tipo_documento,
        c1_0.fecha_fin,
        c1_0.fecha_inicio,
        c1_0.salario,
        c1_0.tipo_contrato 
    from
        contrato c1_0 
    left join
        empleado e1_0 
            on e1_0.id_empleado=c1_0.id_empleado
2026-08-01T23:20:09.536-05:00 DEBUG 3432 --- [sgp] [nio-8080-exec-8] org.hibernate.SQL                        : 
    select
        c1_0.id_contrato,
        e1_0.id_empleado,
        e1_0.apellidos,
        e1_0.estado_civil,
        e1_0.fecha_nacimiento,
        e1_0.nombre,
        e1_0.numero_documento,
        e1_0.tipo_documento,
        c1_0.fecha_fin,
        c1_0.fecha_inicio,
        c1_0.salario,
        c1_0.tipo_contrato 
    from
        contrato c1_0 
    left join
        empleado e1_0 
            on e1_0.id_empleado=c1_0.id_empleado
Hibernate: 
    select
        c1_0.id_contrato,
        e1_0.id_empleado,
        e1_0.apellidos,
        e1_0.estado_civil,
        e1_0.fecha_nacimiento,
        e1_0.nombre,
        e1_0.numero_documento,
        e1_0.tipo_documento,
        c1_0.fecha_fin,
        c1_0.fecha_inicio,
        c1_0.salario,
        c1_0.tipo_contrato 
    from
        contrato c1_0 
    left join
        empleado e1_0 
            on e1_0.id_empleado=c1_0.id_empleado
2026-08-01T23:20:09.537-05:00 DEBUG 3432 --- [sgp] [nio-8080-exec-9] org.hibernate.SQL                        : 
    select
        e1_0.id_empleado,
        e1_0.apellidos,
        e1_0.estado_civil,
        e1_0.fecha_nacimiento,
        e1_0.nombre,
        e1_0.numero_documento,
        e1_0.tipo_documento 
    from
        empleado e1_0
Hibernate: 
    select
        e1_0.id_empleado,
        e1_0.apellidos,
        e1_0.estado_civil,
        e1_0.fecha_nacimiento,
        e1_0.nombre,
        e1_0.numero_documento,
        e1_0.tipo_documento 
    from
        empleado e1_0
2026-08-01T23:20:09.554-05:00 DEBUG 3432 --- [sgp] [nio-8080-exec-2] org.hibernate.SQL                        : 
    select
        e1_0.id_empleado,
        e1_0.apellidos,
        e1_0.estado_civil,
        e1_0.fecha_nacimiento,
        e1_0.nombre,
        e1_0.numero_documento,
        e1_0.tipo_documento 
    from
        empleado e1_0
Hibernate: 
    select
        e1_0.id_empleado,
        e1_0.apellidos,
        e1_0.estado_civil,
        e1_0.fecha_nacimiento,
        e1_0.nombre,
        e1_0.numero_documento,
        e1_0.tipo_documento 
    from
        empleado e1_0
2026-08-01T23:20:38.607-05:00 DEBUG 3432 --- [sgp] [nio-8080-exec-1] org.hibernate.SQL                        : 
    select
        e1_0.id_empleado,
        e1_0.apellidos,
        e1_0.estado_civil,
        e1_0.fecha_nacimiento,
        e1_0.nombre,
        e1_0.numero_documento,
        e1_0.tipo_documento 
    from
        empleado e1_0 
    where
        e1_0.id_empleado=?
Hibernate: 
    select
        e1_0.id_empleado,
        e1_0.apellidos,
        e1_0.estado_civil,
        e1_0.fecha_nacimiento,
        e1_0.nombre,
        e1_0.numero_documento,
        e1_0.tipo_documento 
    from
        empleado e1_0 
    where
        e1_0.id_empleado=?
2026-08-01T23:20:38.618-05:00 DEBUG 3432 --- [sgp] [nio-8080-exec-1] org.hibernate.SQL                        : 
    insert 
    into
        contrato
        (id_empleado, fecha_fin, fecha_inicio, salario, tipo_contrato) 
    values
        (?, ?, ?, ?, ?)
Hibernate: 
    insert 
    into
        contrato
        (id_empleado, fecha_fin, fecha_inicio, salario, tipo_contrato) 
    values
        (?, ?, ?, ?, ?)
2026-08-01T23:20:38.658-05:00 DEBUG 3432 --- [sgp] [nio-8080-exec-4] org.hibernate.SQL                        : 
    select
        c1_0.id_contrato,
        e1_0.id_empleado,
        e1_0.apellidos,
        e1_0.estado_civil,
        e1_0.fecha_nacimiento,
        e1_0.nombre,
        e1_0.numero_documento,
        e1_0.tipo_documento,
        c1_0.fecha_fin,
        c1_0.fecha_inicio,
        c1_0.salario,
        c1_0.tipo_contrato 
    from
        contrato c1_0 
    left join
        empleado e1_0 
            on e1_0.id_empleado=c1_0.id_empleado
Hibernate: 
    select
        c1_0.id_contrato,
        e1_0.id_empleado,
        e1_0.apellidos,
        e1_0.estado_civil,
        e1_0.fecha_nacimiento,
        e1_0.nombre,
        e1_0.numero_documento,
        e1_0.tipo_documento,
        c1_0.fecha_fin,
        c1_0.fecha_inicio,
        c1_0.salario,
        c1_0.tipo_contrato 
    from
        contrato c1_0 
    left join
        empleado e1_0 
            on e1_0.id_empleado=c1_0.id_empleado
2026-08-01T23:20:44.751-05:00 DEBUG 3432 --- [sgp] [nio-8080-exec-5] org.hibernate.SQL                        : 
    select
        u1_0.id,
        u1_0.activo,
        u1_0.correo,
        e1_0.id_empleado,
        e1_0.apellidos,
        e1_0.estado_civil,
        e1_0.fecha_nacimiento,
        e1_0.nombre,
        e1_0.numero_documento,
        e1_0.tipo_documento,
        u1_0.password,
        u1_0.rol 
    from
        usuario u1_0 
    left join
        empleado e1_0 
            on e1_0.id_empleado=u1_0.id_empleado
Hibernate: 
    select
        u1_0.id,
        u1_0.activo,
        u1_0.correo,
        e1_0.id_empleado,
        e1_0.apellidos,
        e1_0.estado_civil,
        e1_0.fecha_nacimiento,
        e1_0.nombre,
        e1_0.numero_documento,
        e1_0.tipo_documento,
        u1_0.password,
        u1_0.rol 
    from
        usuario u1_0 
    left join
        empleado e1_0 
            on e1_0.id_empleado=u1_0.id_empleado
2026-08-01T23:20:44.766-05:00 DEBUG 3432 --- [sgp] [nio-8080-exec-6] org.hibernate.SQL                        : 
    select
        u1_0.id,
        u1_0.activo,
        u1_0.correo,
        e1_0.id_empleado,
        e1_0.apellidos,
        e1_0.estado_civil,
        e1_0.fecha_nacimiento,
        e1_0.nombre,
        e1_0.numero_documento,
        e1_0.tipo_documento,
        u1_0.password,
        u1_0.rol 
    from
        usuario u1_0 
    left join
        empleado e1_0 
            on e1_0.id_empleado=u1_0.id_empleado
Hibernate: 
    select
        u1_0.id,
        u1_0.activo,
        u1_0.correo,
        e1_0.id_empleado,
        e1_0.apellidos,
        e1_0.estado_civil,
        e1_0.fecha_nacimiento,
        e1_0.nombre,
        e1_0.numero_documento,
        e1_0.tipo_documento,
        u1_0.password,
        u1_0.rol 
    from
        usuario u1_0 
    left join
        empleado e1_0 
            on e1_0.id_empleado=u1_0.id_empleado
2026-08-01T23:20:44.767-05:00 DEBUG 3432 --- [sgp] [nio-8080-exec-3] org.hibernate.SQL                        : 
    select
        e1_0.id_empleado,
        e1_0.apellidos,
        e1_0.estado_civil,
        e1_0.fecha_nacimiento,
        e1_0.nombre,
        e1_0.numero_documento,
        e1_0.tipo_documento 
    from
        empleado e1_0
Hibernate: 
    select
        e1_0.id_empleado,
        e1_0.apellidos,
        e1_0.estado_civil,
        e1_0.fecha_nacimiento,
        e1_0.nombre,
        e1_0.numero_documento,
        e1_0.tipo_documento 
    from
        empleado e1_0
2026-08-01T23:20:44.789-05:00 DEBUG 3432 --- [sgp] [nio-8080-exec-7] org.hibernate.SQL                        : 
    select
        e1_0.id_empleado,
        e1_0.apellidos,
        e1_0.estado_civil,
        e1_0.fecha_nacimiento,
        e1_0.nombre,
        e1_0.numero_documento,
        e1_0.tipo_documento 
    from
        empleado e1_0
Hibernate: 
    select
        e1_0.id_empleado,
        e1_0.apellidos,
        e1_0.estado_civil,
        e1_0.fecha_nacimiento,
        e1_0.nombre,
        e1_0.numero_documento,
        e1_0.tipo_documento 
    from
        empleado e1_0
2026-08-01T23:20:59.855-05:00 DEBUG 3432 --- [sgp] [nio-8080-exec-9] org.hibernate.SQL                        : 
    select
        e1_0.id_empleado,
        e1_0.apellidos,
        e1_0.estado_civil,
        e1_0.fecha_nacimiento,
        e1_0.nombre,
        e1_0.numero_documento,
        e1_0.tipo_documento 
    from
        empleado e1_0 
    where
        e1_0.id_empleado=?
Hibernate: 
    select
        e1_0.id_empleado,
        e1_0.apellidos,
        e1_0.estado_civil,
        e1_0.fecha_nacimiento,
        e1_0.nombre,
        e1_0.numero_documento,
        e1_0.tipo_documento 
    from
        empleado e1_0 
    where
        e1_0.id_empleado=?
2026-08-01T23:21:00.034-05:00 DEBUG 3432 --- [sgp] [nio-8080-exec-9] org.hibernate.SQL                        : 
    insert 
    into
        usuario
        (activo, correo, id_empleado, password, rol) 
    values
        (?, ?, ?, ?, ?)
Hibernate: 
    insert 
    into
        usuario
        (activo, correo, id_empleado, password, rol) 
    values
        (?, ?, ?, ?, ?)
2026-08-01T23:21:00.065-05:00 DEBUG 3432 --- [sgp] [nio-8080-exec-2] org.hibernate.SQL                        : 
    select
        u1_0.id,
        u1_0.activo,
        u1_0.correo,
        e1_0.id_empleado,
        e1_0.apellidos,
        e1_0.estado_civil,
        e1_0.fecha_nacimiento,
        e1_0.nombre,
        e1_0.numero_documento,
        e1_0.tipo_documento,
        u1_0.password,
        u1_0.rol 
    from
        usuario u1_0 
    left join
        empleado e1_0 
            on e1_0.id_empleado=u1_0.id_empleado
Hibernate: 
    select
        u1_0.id,
        u1_0.activo,
        u1_0.correo,
        e1_0.id_empleado,
        e1_0.apellidos,
        e1_0.estado_civil,
        e1_0.fecha_nacimiento,
        e1_0.nombre,
        e1_0.numero_documento,
        e1_0.tipo_documento,
        u1_0.password,
        u1_0.rol 
    from
        usuario u1_0 
    left join
        empleado e1_0 
            on e1_0.id_empleado=u1_0.id_empleado
2026-08-01T23:21:08.925-05:00 DEBUG 3432 --- [sgp] [io-8080-exec-10] org.hibernate.SQL                        : 
    select
        n1_0.id_nomina,
        n1_0.bonificaciones,
        n1_0.id_contrato,
        c1_0.id_contrato,
        c1_0.id_empleado,
        c1_0.fecha_fin,
        c1_0.fecha_inicio,
        c1_0.salario,
        c1_0.tipo_contrato,
        n1_0.deducciones,
        n1_0.departamento,
        n1_0.id_empleado,
        e2_0.id_empleado,
        e2_0.apellidos,
        e2_0.estado_civil,
        e2_0.fecha_nacimiento,
        e2_0.nombre,
        e2_0.numero_documento,
        e2_0.tipo_documento,
        n1_0.estado,
        n1_0.fecha_pago,
        n1_0.municipio,
        n1_0.salario_base,
        n1_0.total_pagado 
    from
        nomina n1_0 
    join
        contrato c1_0 
            on c1_0.id_contrato=n1_0.id_contrato 
    join
        empleado e2_0 
            on e2_0.id_empleado=n1_0.id_empleado
Hibernate: 
    select
        n1_0.id_nomina,
        n1_0.bonificaciones,
        n1_0.id_contrato,
        c1_0.id_contrato,
        c1_0.id_empleado,
        c1_0.fecha_fin,
        c1_0.fecha_inicio,
        c1_0.salario,
        c1_0.tipo_contrato,
        n1_0.deducciones,
        n1_0.departamento,
        n1_0.id_empleado,
        e2_0.id_empleado,
        e2_0.apellidos,
        e2_0.estado_civil,
        e2_0.fecha_nacimiento,
        e2_0.nombre,
        e2_0.numero_documento,
        e2_0.tipo_documento,
        n1_0.estado,
        n1_0.fecha_pago,
        n1_0.municipio,
        n1_0.salario_base,
        n1_0.total_pagado 
    from
        nomina n1_0 
    join
        contrato c1_0 
            on c1_0.id_contrato=n1_0.id_contrato 
    join
        empleado e2_0 
            on e2_0.id_empleado=n1_0.id_empleado
2026-08-01T23:21:08.959-05:00 DEBUG 3432 --- [sgp] [nio-8080-exec-1] org.hibernate.SQL                        : 
    select
        n1_0.id_nomina,
        n1_0.bonificaciones,
        n1_0.id_contrato,
        c1_0.id_contrato,
        c1_0.id_empleado,
        c1_0.fecha_fin,
        c1_0.fecha_inicio,
        c1_0.salario,
        c1_0.tipo_contrato,
        n1_0.deducciones,
        n1_0.departamento,
        n1_0.id_empleado,
        e2_0.id_empleado,
        e2_0.apellidos,
        e2_0.estado_civil,
        e2_0.fecha_nacimiento,
        e2_0.nombre,
        e2_0.numero_documento,
        e2_0.tipo_documento,
        n1_0.estado,
        n1_0.fecha_pago,
        n1_0.municipio,
        n1_0.salario_base,
        n1_0.total_pagado 
    from
        nomina n1_0 
    join
        contrato c1_0 
            on c1_0.id_contrato=n1_0.id_contrato 
    join
        empleado e2_0 
            on e2_0.id_empleado=n1_0.id_empleado
Hibernate: 
    select
        n1_0.id_nomina,
        n1_0.bonificaciones,
        n1_0.id_contrato,
        c1_0.id_contrato,
        c1_0.id_empleado,
        c1_0.fecha_fin,
        c1_0.fecha_inicio,
        c1_0.salario,
        c1_0.tipo_contrato,
        n1_0.deducciones,
        n1_0.departamento,
        n1_0.id_empleado,
        e2_0.id_empleado,
        e2_0.apellidos,
        e2_0.estado_civil,
        e2_0.fecha_nacimiento,
        e2_0.nombre,
        e2_0.numero_documento,
        e2_0.tipo_documento,
        n1_0.estado,
        n1_0.fecha_pago,
        n1_0.municipio,
        n1_0.salario_base,
        n1_0.total_pagado 
    from
        nomina n1_0 
    join
        contrato c1_0 
            on c1_0.id_contrato=n1_0.id_contrato 
    join
        empleado e2_0 
            on e2_0.id_empleado=n1_0.id_empleado
2026-08-01T23:21:09.452-05:00 DEBUG 3432 --- [sgp] [nio-8080-exec-6] org.hibernate.SQL                        : 
    select
        e1_0.id_empleado,
        e1_0.apellidos,
        e1_0.estado_civil,
        e1_0.fecha_nacimiento,
        e1_0.nombre,
        e1_0.numero_documento,
        e1_0.tipo_documento 
    from
        empleado e1_0
Hibernate: 
    select
        e1_0.id_empleado,
        e1_0.apellidos,
        e1_0.estado_civil,
        e1_0.fecha_nacimiento,
        e1_0.nombre,
        e1_0.numero_documento,
        e1_0.tipo_documento 
    from
        empleado e1_0
2026-08-01T23:21:09.496-05:00 DEBUG 3432 --- [sgp] [nio-8080-exec-3] org.hibernate.SQL                        : 
    select
        c1_0.id_contrato,
        e1_0.id_empleado,
        e1_0.apellidos,
        e1_0.estado_civil,
        e1_0.fecha_nacimiento,
        e1_0.nombre,
        e1_0.numero_documento,
        e1_0.tipo_documento,
        c1_0.fecha_fin,
        c1_0.fecha_inicio,
        c1_0.salario,
        c1_0.tipo_contrato 
    from
        contrato c1_0 
    left join
        empleado e1_0 
            on e1_0.id_empleado=c1_0.id_empleado
Hibernate: 
    select
        c1_0.id_contrato,
        e1_0.id_empleado,
        e1_0.apellidos,
        e1_0.estado_civil,
        e1_0.fecha_nacimiento,
        e1_0.nombre,
        e1_0.numero_documento,
        e1_0.tipo_documento,
        c1_0.fecha_fin,
        c1_0.fecha_inicio,
        c1_0.salario,
        c1_0.tipo_contrato 
    from
        contrato c1_0 
    left join
        empleado e1_0 
            on e1_0.id_empleado=c1_0.id_empleado
2026-08-01T23:21:09.587-05:00 DEBUG 3432 --- [sgp] [nio-8080-exec-7] org.hibernate.SQL                        : 
    select
        e1_0.id_empleado,
        e1_0.apellidos,
        e1_0.estado_civil,
        e1_0.fecha_nacimiento,
        e1_0.nombre,
        e1_0.numero_documento,
        e1_0.tipo_documento 
    from
        empleado e1_0
Hibernate: 
    select
        e1_0.id_empleado,
        e1_0.apellidos,
        e1_0.estado_civil,
        e1_0.fecha_nacimiento,
        e1_0.nombre,
        e1_0.numero_documento,
        e1_0.tipo_documento 
    from
        empleado e1_0
2026-08-01T23:21:09.613-05:00 DEBUG 3432 --- [sgp] [nio-8080-exec-8] org.hibernate.SQL                        : 
    select
        c1_0.id_contrato,
        e1_0.id_empleado,
        e1_0.apellidos,
        e1_0.estado_civil,
        e1_0.fecha_nacimiento,
        e1_0.nombre,
        e1_0.numero_documento,
        e1_0.tipo_documento,
        c1_0.fecha_fin,
        c1_0.fecha_inicio,
        c1_0.salario,
        c1_0.tipo_contrato 
    from
        contrato c1_0 
    left join
        empleado e1_0 
            on e1_0.id_empleado=c1_0.id_empleado
Hibernate: 
    select
        c1_0.id_contrato,
        e1_0.id_empleado,
        e1_0.apellidos,
        e1_0.estado_civil,
        e1_0.fecha_nacimiento,
        e1_0.nombre,
        e1_0.numero_documento,
        e1_0.tipo_documento,
        c1_0.fecha_fin,
        c1_0.fecha_inicio,
        c1_0.salario,
        c1_0.tipo_contrato 
    from
        contrato c1_0 
    left join
        empleado e1_0 
            on e1_0.id_empleado=c1_0.id_empleado
2026-08-01T23:21:13.762-05:00 DEBUG 3432 --- [sgp] [nio-8080-exec-9] org.hibernate.SQL                        : 
    select
        c1_0.id_contrato,
        e1_0.id_empleado,
        e1_0.apellidos,
        e1_0.estado_civil,
        e1_0.fecha_nacimiento,
        e1_0.nombre,
        e1_0.numero_documento,
        e1_0.tipo_documento,
        c1_0.fecha_fin,
        c1_0.fecha_inicio,
        c1_0.salario,
        c1_0.tipo_contrato 
    from
        contrato c1_0 
    left join
        empleado e1_0 
            on e1_0.id_empleado=c1_0.id_empleado
Hibernate: 
    select
        c1_0.id_contrato,
        e1_0.id_empleado,
        e1_0.apellidos,
        e1_0.estado_civil,
        e1_0.fecha_nacimiento,
        e1_0.nombre,
        e1_0.numero_documento,
        e1_0.tipo_documento,
        c1_0.fecha_fin,
        c1_0.fecha_inicio,
        c1_0.salario,
        c1_0.tipo_contrato 
    from
        contrato c1_0 
    left join
        empleado e1_0 
            on e1_0.id_empleado=c1_0.id_empleado
2026-08-01T23:21:13.797-05:00 DEBUG 3432 --- [sgp] [nio-8080-exec-2] org.hibernate.SQL                        : 
    select
        c1_0.id_contrato,
        e1_0.id_empleado,
        e1_0.apellidos,
        e1_0.estado_civil,
        e1_0.fecha_nacimiento,
        e1_0.nombre,
        e1_0.numero_documento,
        e1_0.tipo_documento,
        c1_0.fecha_fin,
        c1_0.fecha_inicio,
        c1_0.salario,
        c1_0.tipo_contrato 
    from
        contrato c1_0 
    left join
        empleado e1_0 
            on e1_0.id_empleado=c1_0.id_empleado
Hibernate: 
    select
        c1_0.id_contrato,
        e1_0.id_empleado,
        e1_0.apellidos,
        e1_0.estado_civil,
        e1_0.fecha_nacimiento,
        e1_0.nombre,
        e1_0.numero_documento,
        e1_0.tipo_documento,
        c1_0.fecha_fin,
        c1_0.fecha_inicio,
        c1_0.salario,
        c1_0.tipo_contrato 
    from
        contrato c1_0 
    left join
        empleado e1_0 
            on e1_0.id_empleado=c1_0.id_empleado
2026-08-01T23:21:13.802-05:00 DEBUG 3432 --- [sgp] [io-8080-exec-10] org.hibernate.SQL                        : 
    select
        e1_0.id_empleado,
        e1_0.apellidos,
        e1_0.estado_civil,
        e1_0.fecha_nacimiento,
        e1_0.nombre,
        e1_0.numero_documento,
        e1_0.tipo_documento 
    from
        empleado e1_0
Hibernate: 
    select
        e1_0.id_empleado,
        e1_0.apellidos,
        e1_0.estado_civil,
        e1_0.fecha_nacimiento,
        e1_0.nombre,
        e1_0.numero_documento,
        e1_0.tipo_documento 
    from
        empleado e1_0
2026-08-01T23:21:13.822-05:00 DEBUG 3432 --- [sgp] [nio-8080-exec-1] org.hibernate.SQL                        : 
    select
        e1_0.id_empleado,
        e1_0.apellidos,
        e1_0.estado_civil,
        e1_0.fecha_nacimiento,
        e1_0.nombre,
        e1_0.numero_documento,
        e1_0.tipo_documento 
    from
        empleado e1_0
Hibernate: 
    select
        e1_0.id_empleado,
        e1_0.apellidos,
        e1_0.estado_civil,
        e1_0.fecha_nacimiento,
        e1_0.nombre,
        e1_0.numero_documento,
        e1_0.tipo_documento 
    from
        empleado e1_0
2026-08-01T23:21:17.469-05:00 DEBUG 3432 --- [sgp] [nio-8080-exec-4] org.hibernate.SQL                        : 
    select
        n1_0.id_nomina,
        n1_0.bonificaciones,
        n1_0.id_contrato,
        c1_0.id_contrato,
        c1_0.id_empleado,
        c1_0.fecha_fin,
        c1_0.fecha_inicio,
        c1_0.salario,
        c1_0.tipo_contrato,
        n1_0.deducciones,
        n1_0.departamento,
        n1_0.id_empleado,
        e2_0.id_empleado,
        e2_0.apellidos,
        e2_0.estado_civil,
        e2_0.fecha_nacimiento,
        e2_0.nombre,
        e2_0.numero_documento,
        e2_0.tipo_documento,
        n1_0.estado,
        n1_0.fecha_pago,
        n1_0.municipio,
        n1_0.salario_base,
        n1_0.total_pagado 
    from
        nomina n1_0 
    join
        contrato c1_0 
            on c1_0.id_contrato=n1_0.id_contrato 
    join
        empleado e2_0 
            on e2_0.id_empleado=n1_0.id_empleado
Hibernate: 
    select
        n1_0.id_nomina,
        n1_0.bonificaciones,
        n1_0.id_contrato,
        c1_0.id_contrato,
        c1_0.id_empleado,
        c1_0.fecha_fin,
        c1_0.fecha_inicio,
        c1_0.salario,
        c1_0.tipo_contrato,
        n1_0.deducciones,
        n1_0.departamento,
        n1_0.id_empleado,
        e2_0.id_empleado,
        e2_0.apellidos,
        e2_0.estado_civil,
        e2_0.fecha_nacimiento,
        e2_0.nombre,
        e2_0.numero_documento,
        e2_0.tipo_documento,
        n1_0.estado,
        n1_0.fecha_pago,
        n1_0.municipio,
        n1_0.salario_base,
        n1_0.total_pagado 
    from
        nomina n1_0 
    join
        contrato c1_0 
            on c1_0.id_contrato=n1_0.id_contrato 
    join
        empleado e2_0 
            on e2_0.id_empleado=n1_0.id_empleado
2026-08-01T23:21:17.486-05:00 DEBUG 3432 --- [sgp] [nio-8080-exec-6] org.hibernate.SQL                        : 
    select
        n1_0.id_nomina,
        n1_0.bonificaciones,
        n1_0.id_contrato,
        c1_0.id_contrato,
        c1_0.id_empleado,
        c1_0.fecha_fin,
        c1_0.fecha_inicio,
        c1_0.salario,
        c1_0.tipo_contrato,
        n1_0.deducciones,
        n1_0.departamento,
        n1_0.id_empleado,
        e2_0.id_empleado,
        e2_0.apellidos,
        e2_0.estado_civil,
        e2_0.fecha_nacimiento,
        e2_0.nombre,
        e2_0.numero_documento,
        e2_0.tipo_documento,
        n1_0.estado,
        n1_0.fecha_pago,
        n1_0.municipio,
        n1_0.salario_base,
        n1_0.total_pagado 
    from
        nomina n1_0 
    join
        contrato c1_0 
            on c1_0.id_contrato=n1_0.id_contrato 
    join
        empleado e2_0 
            on e2_0.id_empleado=n1_0.id_empleado
Hibernate: 
    select
        n1_0.id_nomina,
        n1_0.bonificaciones,
        n1_0.id_contrato,
        c1_0.id_contrato,
        c1_0.id_empleado,
        c1_0.fecha_fin,
        c1_0.fecha_inicio,
        c1_0.salario,
        c1_0.tipo_contrato,
        n1_0.deducciones,
        n1_0.departamento,
        n1_0.id_empleado,
        e2_0.id_empleado,
        e2_0.apellidos,
        e2_0.estado_civil,
        e2_0.fecha_nacimiento,
        e2_0.nombre,
        e2_0.numero_documento,
        e2_0.tipo_documento,
        n1_0.estado,
        n1_0.fecha_pago,
        n1_0.municipio,
        n1_0.salario_base,
        n1_0.total_pagado 
    from
        nomina n1_0 
    join
        contrato c1_0 
            on c1_0.id_contrato=n1_0.id_contrato 
    join
        empleado e2_0 
            on e2_0.id_empleado=n1_0.id_empleado
2026-08-01T23:21:17.941-05:00 DEBUG 3432 --- [sgp] [nio-8080-exec-7] org.hibernate.SQL                        : 
    select
        e1_0.id_empleado,
        e1_0.apellidos,
        e1_0.estado_civil,
        e1_0.fecha_nacimiento,
        e1_0.nombre,
        e1_0.numero_documento,
        e1_0.tipo_documento 
    from
        empleado e1_0
Hibernate: 
    select
        e1_0.id_empleado,
        e1_0.apellidos,
        e1_0.estado_civil,
        e1_0.fecha_nacimiento,
        e1_0.nombre,
        e1_0.numero_documento,
        e1_0.tipo_documento 
    from
        empleado e1_0
2026-08-01T23:21:17.981-05:00 DEBUG 3432 --- [sgp] [nio-8080-exec-8] org.hibernate.SQL                        : 
    select
        c1_0.id_contrato,
        e1_0.id_empleado,
        e1_0.apellidos,
        e1_0.estado_civil,
        e1_0.fecha_nacimiento,
        e1_0.nombre,
        e1_0.numero_documento,
        e1_0.tipo_documento,
        c1_0.fecha_fin,
        c1_0.fecha_inicio,
        c1_0.salario,
        c1_0.tipo_contrato 
    from
        contrato c1_0 
    left join
        empleado e1_0 
            on e1_0.id_empleado=c1_0.id_empleado
Hibernate: 
    select
        c1_0.id_contrato,
        e1_0.id_empleado,
        e1_0.apellidos,
        e1_0.estado_civil,
        e1_0.fecha_nacimiento,
        e1_0.nombre,
        e1_0.numero_documento,
        e1_0.tipo_documento,
        c1_0.fecha_fin,
        c1_0.fecha_inicio,
        c1_0.salario,
        c1_0.tipo_contrato 
    from
        contrato c1_0 
    left join
        empleado e1_0 
            on e1_0.id_empleado=c1_0.id_empleado
2026-08-01T23:21:18.047-05:00 DEBUG 3432 --- [sgp] [nio-8080-exec-9] org.hibernate.SQL                        : 
    select
        e1_0.id_empleado,
        e1_0.apellidos,
        e1_0.estado_civil,
        e1_0.fecha_nacimiento,
        e1_0.nombre,
        e1_0.numero_documento,
        e1_0.tipo_documento 
    from
        empleado e1_0
Hibernate: 
    select
        e1_0.id_empleado,
        e1_0.apellidos,
        e1_0.estado_civil,
        e1_0.fecha_nacimiento,
        e1_0.nombre,
        e1_0.numero_documento,
        e1_0.tipo_documento 
    from
        empleado e1_0
2026-08-01T23:21:18.058-05:00 DEBUG 3432 --- [sgp] [nio-8080-exec-2] org.hibernate.SQL                        : 
    select
        c1_0.id_contrato,
        e1_0.id_empleado,
        e1_0.apellidos,
        e1_0.estado_civil,
        e1_0.fecha_nacimiento,
        e1_0.nombre,
        e1_0.numero_documento,
        e1_0.tipo_documento,
        c1_0.fecha_fin,
        c1_0.fecha_inicio,
        c1_0.salario,
        c1_0.tipo_contrato 
    from
        contrato c1_0 
    left join
        empleado e1_0 
            on e1_0.id_empleado=c1_0.id_empleado
Hibernate: 
    select
        c1_0.id_contrato,
        e1_0.id_empleado,
        e1_0.apellidos,
        e1_0.estado_civil,
        e1_0.fecha_nacimiento,
        e1_0.nombre,
        e1_0.numero_documento,
        e1_0.tipo_documento,
        c1_0.fecha_fin,
        c1_0.fecha_inicio,
        c1_0.salario,
        c1_0.tipo_contrato 
    from
        contrato c1_0 
    left join
        empleado e1_0 
            on e1_0.id_empleado=c1_0.id_empleado
2026-08-01T23:21:50.731-05:00 DEBUG 3432 --- [sgp] [nio-8080-exec-4] org.hibernate.SQL                        : 
    select
        e1_0.id_empleado,
        e1_0.apellidos,
        e1_0.estado_civil,
        e1_0.fecha_nacimiento,
        e1_0.nombre,
        e1_0.numero_documento,
        e1_0.tipo_documento 
    from
        empleado e1_0 
    where
        e1_0.id_empleado=?
Hibernate: 
    select
        e1_0.id_empleado,
        e1_0.apellidos,
        e1_0.estado_civil,
        e1_0.fecha_nacimiento,
        e1_0.nombre,
        e1_0.numero_documento,
        e1_0.tipo_documento 
    from
        empleado e1_0 
    where
        e1_0.id_empleado=?
2026-08-01T23:21:50.738-05:00 DEBUG 3432 --- [sgp] [nio-8080-exec-4] org.hibernate.SQL                        : 
    select
        c1_0.id_contrato,
        c1_0.id_empleado,
        c1_0.fecha_fin,
        c1_0.fecha_inicio,
        c1_0.salario,
        c1_0.tipo_contrato 
    from
        contrato c1_0 
    where
        c1_0.id_contrato=?
Hibernate: 
    select
        c1_0.id_contrato,
        c1_0.id_empleado,
        c1_0.fecha_fin,
        c1_0.fecha_inicio,
        c1_0.salario,
        c1_0.tipo_contrato 
    from
        contrato c1_0 
    where
        c1_0.id_contrato=?
2026-08-01T23:21:50.745-05:00 DEBUG 3432 --- [sgp] [nio-8080-exec-4] org.hibernate.SQL                        : 
    insert 
    into
        nomina
        (bonificaciones, id_contrato, deducciones, departamento, id_empleado, estado, fecha_pago, municipio, salario_base, total_pagado) 
    values
        (?, ?, ?, ?, ?, ?, ?, ?, ?, ?)
Hibernate: 
    insert 
    into
        nomina
        (bonificaciones, id_contrato, deducciones, departamento, id_empleado, estado, fecha_pago, municipio, salario_base, total_pagado) 
    values
        (?, ?, ?, ?, ?, ?, ?, ?, ?, ?)
2026-08-01T23:21:50.754-05:00 DEBUG 3432 --- [sgp] [nio-8080-exec-4] org.hibernate.SQL                        : 
    insert 
    into
        detalle_nomina
        (descripcion, estado, fecha, id_nomina, tipo_concepto, valor) 
    values
        (?, ?, ?, ?, ?, ?)
Hibernate: 
    insert 
    into
        detalle_nomina
        (descripcion, estado, fecha, id_nomina, tipo_concepto, valor) 
    values
        (?, ?, ?, ?, ?, ?)
2026-08-01T23:21:50.762-05:00 DEBUG 3432 --- [sgp] [nio-8080-exec-4] org.hibernate.SQL                        : 
    insert 
    into
        detalle_nomina
        (descripcion, estado, fecha, id_nomina, tipo_concepto, valor) 
    values
        (?, ?, ?, ?, ?, ?)
Hibernate: 
    insert 
    into
        detalle_nomina
        (descripcion, estado, fecha, id_nomina, tipo_concepto, valor) 
    values
        (?, ?, ?, ?, ?, ?)
2026-08-01T23:21:50.768-05:00 DEBUG 3432 --- [sgp] [nio-8080-exec-4] org.hibernate.SQL                        : 
    insert 
    into
        detalle_nomina
        (descripcion, estado, fecha, id_nomina, tipo_concepto, valor) 
    values
        (?, ?, ?, ?, ?, ?)
Hibernate: 
    insert 
    into
        detalle_nomina
        (descripcion, estado, fecha, id_nomina, tipo_concepto, valor) 
    values
        (?, ?, ?, ?, ?, ?)
2026-08-01T23:21:50.778-05:00 DEBUG 3432 --- [sgp] [nio-8080-exec-4] org.hibernate.SQL                        : 
    insert 
    into
        reporte_nomina
        (id_empleado, fecha_generacion, id_nomina, total_bonificaciones, total_deducciones, total_pagado, total_salario) 
    values
        (?, ?, ?, ?, ?, ?, ?)
Hibernate: 
    insert 
    into
        reporte_nomina
        (id_empleado, fecha_generacion, id_nomina, total_bonificaciones, total_deducciones, total_pagado, total_salario) 
    values
        (?, ?, ?, ?, ?, ?, ?)
2026-08-01T23:21:50.816-05:00 DEBUG 3432 --- [sgp] [nio-8080-exec-6] org.hibernate.SQL                        : 
    select
        n1_0.id_nomina,
        n1_0.bonificaciones,
        n1_0.id_contrato,
        c1_0.id_contrato,
        c1_0.id_empleado,
        c1_0.fecha_fin,
        c1_0.fecha_inicio,
        c1_0.salario,
        c1_0.tipo_contrato,
        n1_0.deducciones,
        n1_0.departamento,
        n1_0.id_empleado,
        e2_0.id_empleado,
        e2_0.apellidos,
        e2_0.estado_civil,
        e2_0.fecha_nacimiento,
        e2_0.nombre,
        e2_0.numero_documento,
        e2_0.tipo_documento,
        n1_0.estado,
        n1_0.fecha_pago,
        n1_0.municipio,
        n1_0.salario_base,
        n1_0.total_pagado 
    from
        nomina n1_0 
    join
        contrato c1_0 
            on c1_0.id_contrato=n1_0.id_contrato 
    join
        empleado e2_0 
            on e2_0.id_empleado=n1_0.id_empleado
Hibernate: 
    select
        n1_0.id_nomina,
        n1_0.bonificaciones,
        n1_0.id_contrato,
        c1_0.id_contrato,
        c1_0.id_empleado,
        c1_0.fecha_fin,
        c1_0.fecha_inicio,
        c1_0.salario,
        c1_0.tipo_contrato,
        n1_0.deducciones,
        n1_0.departamento,
        n1_0.id_empleado,
        e2_0.id_empleado,
        e2_0.apellidos,
        e2_0.estado_civil,
        e2_0.fecha_nacimiento,
        e2_0.nombre,
        e2_0.numero_documento,
        e2_0.tipo_documento,
        n1_0.estado,
        n1_0.fecha_pago,
        n1_0.municipio,
        n1_0.salario_base,
        n1_0.total_pagado 
    from
        nomina n1_0 
    join
        contrato c1_0 
            on c1_0.id_contrato=n1_0.id_contrato 
    join
        empleado e2_0 
            on e2_0.id_empleado=n1_0.id_empleado
2026-08-01T23:21:59.828-05:00 DEBUG 3432 --- [sgp] [nio-8080-exec-3] org.hibernate.SQL                        : 
    select
        e1_0.id_empleado,
        e1_0.apellidos,
        e1_0.estado_civil,
        e1_0.fecha_nacimiento,
        e1_0.nombre,
        e1_0.numero_documento,
        e1_0.tipo_documento 
    from
        empleado e1_0
Hibernate: 
    select
        e1_0.id_empleado,
        e1_0.apellidos,
        e1_0.estado_civil,
        e1_0.fecha_nacimiento,
        e1_0.nombre,
        e1_0.numero_documento,
        e1_0.tipo_documento 
    from
        empleado e1_0
2026-08-01T23:21:59.845-05:00 DEBUG 3432 --- [sgp] [nio-8080-exec-7] org.hibernate.SQL                        : 
    select
        e1_0.id_empleado,
        e1_0.apellidos,
        e1_0.estado_civil,
        e1_0.fecha_nacimiento,
        e1_0.nombre,
        e1_0.numero_documento,
        e1_0.tipo_documento 
    from
        empleado e1_0
Hibernate: 
    select
        e1_0.id_empleado,
        e1_0.apellidos,
        e1_0.estado_civil,
        e1_0.fecha_nacimiento,
        e1_0.nombre,
        e1_0.numero_documento,
        e1_0.tipo_documento 
    from
        empleado e1_0
2026-08-01T23:22:05.380-05:00 DEBUG 3432 --- [sgp] [nio-8080-exec-8] org.hibernate.SQL                        : 
    select
        e1_0.id_empleado,
        e1_0.apellidos,
        e1_0.estado_civil,
        e1_0.fecha_nacimiento,
        e1_0.nombre,
        e1_0.numero_documento,
        e1_0.tipo_documento 
    from
        empleado e1_0 
    where
        e1_0.numero_documento=?
Hibernate: 
    select
        e1_0.id_empleado,
        e1_0.apellidos,
        e1_0.estado_civil,
        e1_0.fecha_nacimiento,
        e1_0.nombre,
        e1_0.numero_documento,
        e1_0.tipo_documento 
    from
        empleado e1_0 
    where
        e1_0.numero_documento=?
2026-08-01T23:22:05.414-05:00 DEBUG 3432 --- [sgp] [nio-8080-exec-9] org.hibernate.SQL                        : 
    select
        e1_0.id_empleado,
        e1_0.apellidos,
        e1_0.estado_civil,
        e1_0.fecha_nacimiento,
        e1_0.nombre,
        e1_0.numero_documento,
        e1_0.tipo_documento 
    from
        empleado e1_0 
    where
        e1_0.id_empleado=?
Hibernate: 
    select
        e1_0.id_empleado,
        e1_0.apellidos,
        e1_0.estado_civil,
        e1_0.fecha_nacimiento,
        e1_0.nombre,
        e1_0.numero_documento,
        e1_0.tipo_documento 
    from
        empleado e1_0 
    where
        e1_0.id_empleado=?
2026-08-01T23:22:05.424-05:00 DEBUG 3432 --- [sgp] [nio-8080-exec-9] org.hibernate.SQL                        : 
    select
        c1_0.id_contrato,
        e2_0.id_empleado,
        e2_0.apellidos,
        e2_0.estado_civil,
        e2_0.fecha_nacimiento,
        e2_0.nombre,
        e2_0.numero_documento,
        e2_0.tipo_documento,
        c1_0.fecha_fin,
        c1_0.fecha_inicio,
        c1_0.salario,
        c1_0.tipo_contrato 
    from
        contrato c1_0 
    left join
        empleado e1_0 
            on e1_0.id_empleado=c1_0.id_empleado 
    left join
        empleado e2_0 
            on e2_0.id_empleado=c1_0.id_empleado 
    where
        e1_0.id_empleado=?
Hibernate: 
    select
        c1_0.id_contrato,
        e2_0.id_empleado,
        e2_0.apellidos,
        e2_0.estado_civil,
        e2_0.fecha_nacimiento,
        e2_0.nombre,
        e2_0.numero_documento,
        e2_0.tipo_documento,
        c1_0.fecha_fin,
        c1_0.fecha_inicio,
        c1_0.salario,
        c1_0.tipo_contrato 
    from
        contrato c1_0 
    left join
        empleado e1_0 
            on e1_0.id_empleado=c1_0.id_empleado 
    left join
        empleado e2_0 
            on e2_0.id_empleado=c1_0.id_empleado 
    where
        e1_0.id_empleado=?
2026-08-01T23:22:05.437-05:00 DEBUG 3432 --- [sgp] [nio-8080-exec-9] org.hibernate.SQL                        : 
    select
        ae1_0.id,
        ae1_0.fecha_subida,
        ae1_0.id_empleado,
        ae1_0.mime_type,
        ae1_0.nombre_archivo,
        ae1_0.nombre_original,
        ae1_0.ruta,
        ae1_0.tamano,
        ae1_0.tipo 
    from
        archivo_empleado ae1_0 
    where
        ae1_0.id_empleado=? 
    order by
        ae1_0.fecha_subida desc
Hibernate: 
    select
        ae1_0.id,
        ae1_0.fecha_subida,
        ae1_0.id_empleado,
        ae1_0.mime_type,
        ae1_0.nombre_archivo,
        ae1_0.nombre_original,
        ae1_0.ruta,
        ae1_0.tamano,
        ae1_0.tipo 
    from
        archivo_empleado ae1_0 
    where
        ae1_0.id_empleado=? 
    order by
        ae1_0.fecha_subida desc
2026-08-01T23:22:15.756-05:00 DEBUG 3432 --- [sgp] [io-8080-exec-10] org.hibernate.SQL                        : 
    insert 
    into
        archivo_empleado
        (fecha_subida, id_empleado, mime_type, nombre_archivo, nombre_original, ruta, tamano, tipo) 
    values
        (?, ?, ?, ?, ?, ?, ?, ?)
Hibernate: 
    insert 
    into
        archivo_empleado
        (fecha_subida, id_empleado, mime_type, nombre_archivo, nombre_original, ruta, tamano, tipo) 
    values
        (?, ?, ?, ?, ?, ?, ?, ?)
2026-08-01T23:22:15.786-05:00 DEBUG 3432 --- [sgp] [nio-8080-exec-1] org.hibernate.SQL                        : 
    select
        e1_0.id_empleado,
        e1_0.apellidos,
        e1_0.estado_civil,
        e1_0.fecha_nacimiento,
        e1_0.nombre,
        e1_0.numero_documento,
        e1_0.tipo_documento 
    from
        empleado e1_0 
    where
        e1_0.id_empleado=?
Hibernate: 
    select
        e1_0.id_empleado,
        e1_0.apellidos,
        e1_0.estado_civil,
        e1_0.fecha_nacimiento,
        e1_0.nombre,
        e1_0.numero_documento,
        e1_0.tipo_documento 
    from
        empleado e1_0 
    where
        e1_0.id_empleado=?
2026-08-01T23:22:15.799-05:00 DEBUG 3432 --- [sgp] [nio-8080-exec-1] org.hibernate.SQL                        : 
    select
        c1_0.id_contrato,
        e2_0.id_empleado,
        e2_0.apellidos,
        e2_0.estado_civil,
        e2_0.fecha_nacimiento,
        e2_0.nombre,
        e2_0.numero_documento,
        e2_0.tipo_documento,
        c1_0.fecha_fin,
        c1_0.fecha_inicio,
        c1_0.salario,
        c1_0.tipo_contrato 
    from
        contrato c1_0 
    left join
        empleado e1_0 
            on e1_0.id_empleado=c1_0.id_empleado 
    left join
        empleado e2_0 
            on e2_0.id_empleado=c1_0.id_empleado 
    where
        e1_0.id_empleado=?
Hibernate: 
    select
        c1_0.id_contrato,
        e2_0.id_empleado,
        e2_0.apellidos,
        e2_0.estado_civil,
        e2_0.fecha_nacimiento,
        e2_0.nombre,
        e2_0.numero_documento,
        e2_0.tipo_documento,
        c1_0.fecha_fin,
        c1_0.fecha_inicio,
        c1_0.salario,
        c1_0.tipo_contrato 
    from
        contrato c1_0 
    left join
        empleado e1_0 
            on e1_0.id_empleado=c1_0.id_empleado 
    left join
        empleado e2_0 
            on e2_0.id_empleado=c1_0.id_empleado 
    where
        e1_0.id_empleado=?
2026-08-01T23:22:15.811-05:00 DEBUG 3432 --- [sgp] [nio-8080-exec-1] org.hibernate.SQL                        : 
    select
        ae1_0.id,
        ae1_0.fecha_subida,
        ae1_0.id_empleado,
        ae1_0.mime_type,
        ae1_0.nombre_archivo,
        ae1_0.nombre_original,
        ae1_0.ruta,
        ae1_0.tamano,
        ae1_0.tipo 
    from
        archivo_empleado ae1_0 
    where
        ae1_0.id_empleado=? 
    order by
        ae1_0.fecha_subida desc
Hibernate: 
    select
        ae1_0.id,
        ae1_0.fecha_subida,
        ae1_0.id_empleado,
        ae1_0.mime_type,
        ae1_0.nombre_archivo,
        ae1_0.nombre_original,
        ae1_0.ruta,
        ae1_0.tamano,
        ae1_0.tipo 
    from
        archivo_empleado ae1_0 
    where
        ae1_0.id_empleado=? 
    order by
        ae1_0.fecha_subida desc
2026-08-01T23:22:22.395-05:00 DEBUG 3432 --- [sgp] [nio-8080-exec-4] org.hibernate.SQL                        : 
    select
        e1_0.id_empleado,
        e1_0.apellidos,
        e1_0.estado_civil,
        e1_0.fecha_nacimiento,
        e1_0.nombre,
        e1_0.numero_documento,
        e1_0.tipo_documento 
    from
        empleado e1_0 
    where
        e1_0.numero_documento=?
Hibernate: 
    select
        e1_0.id_empleado,
        e1_0.apellidos,
        e1_0.estado_civil,
        e1_0.fecha_nacimiento,
        e1_0.nombre,
        e1_0.numero_documento,
        e1_0.tipo_documento 
    from
        empleado e1_0 
    where
        e1_0.numero_documento=?
2026-08-01T23:22:22.582-05:00 DEBUG 3432 --- [sgp] [nio-8080-exec-6] org.hibernate.SQL                        : 
    select
        e1_0.id_empleado,
        e1_0.apellidos,
        e1_0.estado_civil,
        e1_0.fecha_nacimiento,
        e1_0.nombre,
        e1_0.numero_documento,
        e1_0.tipo_documento 
    from
        empleado e1_0 
    where
        e1_0.id_empleado=?
Hibernate: 
    select
        e1_0.id_empleado,
        e1_0.apellidos,
        e1_0.estado_civil,
        e1_0.fecha_nacimiento,
        e1_0.nombre,
        e1_0.numero_documento,
        e1_0.tipo_documento 
    from
        empleado e1_0 
    where
        e1_0.id_empleado=?
2026-08-01T23:22:22.593-05:00 DEBUG 3432 --- [sgp] [nio-8080-exec-6] org.hibernate.SQL                        : 
    select
        c1_0.id_contrato,
        e2_0.id_empleado,
        e2_0.apellidos,
        e2_0.estado_civil,
        e2_0.fecha_nacimiento,
        e2_0.nombre,
        e2_0.numero_documento,
        e2_0.tipo_documento,
        c1_0.fecha_fin,
        c1_0.fecha_inicio,
        c1_0.salario,
        c1_0.tipo_contrato 
    from
        contrato c1_0 
    left join
        empleado e1_0 
            on e1_0.id_empleado=c1_0.id_empleado 
    left join
        empleado e2_0 
            on e2_0.id_empleado=c1_0.id_empleado 
    where
        e1_0.id_empleado=?
Hibernate: 
    select
        c1_0.id_contrato,
        e2_0.id_empleado,
        e2_0.apellidos,
        e2_0.estado_civil,
        e2_0.fecha_nacimiento,
        e2_0.nombre,
        e2_0.numero_documento,
        e2_0.tipo_documento,
        c1_0.fecha_fin,
        c1_0.fecha_inicio,
        c1_0.salario,
        c1_0.tipo_contrato 
    from
        contrato c1_0 
    left join
        empleado e1_0 
            on e1_0.id_empleado=c1_0.id_empleado 
    left join
        empleado e2_0 
            on e2_0.id_empleado=c1_0.id_empleado 
    where
        e1_0.id_empleado=?
2026-08-01T23:22:22.600-05:00 DEBUG 3432 --- [sgp] [nio-8080-exec-6] org.hibernate.SQL                        : 
    select
        ae1_0.id,
        ae1_0.fecha_subida,
        ae1_0.id_empleado,
        ae1_0.mime_type,
        ae1_0.nombre_archivo,
        ae1_0.nombre_original,
        ae1_0.ruta,
        ae1_0.tamano,
        ae1_0.tipo 
    from
        archivo_empleado ae1_0 
    where
        ae1_0.id_empleado=? 
    order by
        ae1_0.fecha_subida desc
Hibernate: 
    select
        ae1_0.id,
        ae1_0.fecha_subida,
        ae1_0.id_empleado,
        ae1_0.mime_type,
        ae1_0.nombre_archivo,
        ae1_0.nombre_original,
        ae1_0.ruta,
        ae1_0.tamano,
        ae1_0.tipo 
    from
        archivo_empleado ae1_0 
    where
        ae1_0.id_empleado=? 
    order by
        ae1_0.fecha_subida desc
2026-08-01T23:22:22.627-05:00 DEBUG 3432 --- [sgp] [nio-8080-exec-7] org.hibernate.SQL                        : 
    select
        n1_0.id_nomina,
        n1_0.bonificaciones,
        n1_0.id_contrato,
        c1_0.id_contrato,
        c1_0.id_empleado,
        c1_0.fecha_fin,
        c1_0.fecha_inicio,
        c1_0.salario,
        c1_0.tipo_contrato,
        n1_0.deducciones,
        n1_0.departamento,
        n1_0.id_empleado,
        e3_0.id_empleado,
        e3_0.apellidos,
        e3_0.estado_civil,
        e3_0.fecha_nacimiento,
        e3_0.nombre,
        e3_0.numero_documento,
        e3_0.tipo_documento,
        n1_0.estado,
        n1_0.fecha_pago,
        n1_0.municipio,
        n1_0.salario_base,
        n1_0.total_pagado 
    from
        nomina n1_0 
    left join
        empleado e1_0 
            on e1_0.id_empleado=n1_0.id_empleado 
    join
        contrato c1_0 
            on c1_0.id_contrato=n1_0.id_contrato 
    join
        empleado e3_0 
            on e3_0.id_empleado=n1_0.id_empleado 
    where
        e1_0.id_empleado=?
Hibernate: 
    select
        n1_0.id_nomina,
        n1_0.bonificaciones,
        n1_0.id_contrato,
        c1_0.id_contrato,
        c1_0.id_empleado,
        c1_0.fecha_fin,
        c1_0.fecha_inicio,
        c1_0.salario,
        c1_0.tipo_contrato,
        n1_0.deducciones,
        n1_0.departamento,
        n1_0.id_empleado,
        e3_0.id_empleado,
        e3_0.apellidos,
        e3_0.estado_civil,
        e3_0.fecha_nacimiento,
        e3_0.nombre,
        e3_0.numero_documento,
        e3_0.tipo_documento,
        n1_0.estado,
        n1_0.fecha_pago,
        n1_0.municipio,
        n1_0.salario_base,
        n1_0.total_pagado 
    from
        nomina n1_0 
    left join
        empleado e1_0 
            on e1_0.id_empleado=n1_0.id_empleado 
    join
        contrato c1_0 
            on c1_0.id_contrato=n1_0.id_contrato 
    join
        empleado e3_0 
            on e3_0.id_empleado=n1_0.id_empleado 
    where
        e1_0.id_empleado=?
2026-08-01T23:22:34.568-05:00 DEBUG 3432 --- [sgp] [nio-8080-exec-8] org.hibernate.SQL                        : 
    select
        e1_0.id_empleado,
        e1_0.apellidos,
        e1_0.estado_civil,
        e1_0.fecha_nacimiento,
        e1_0.nombre,
        e1_0.numero_documento,
        e1_0.tipo_documento 
    from
        empleado e1_0
Hibernate: 
    select
        e1_0.id_empleado,
        e1_0.apellidos,
        e1_0.estado_civil,
        e1_0.fecha_nacimiento,
        e1_0.nombre,
        e1_0.numero_documento,
        e1_0.tipo_documento 
    from
        empleado e1_0
2026-08-01T23:22:34.608-05:00 DEBUG 3432 --- [sgp] [nio-8080-exec-5] org.hibernate.SQL                        : 
    select
        e1_0.id_empleado,
        e1_0.apellidos,
        e1_0.estado_civil,
        e1_0.fecha_nacimiento,
        e1_0.nombre,
        e1_0.numero_documento,
        e1_0.tipo_documento 
    from
        empleado e1_0
Hibernate: 
    select
        e1_0.id_empleado,
        e1_0.apellidos,
        e1_0.estado_civil,
        e1_0.fecha_nacimiento,
        e1_0.nombre,
        e1_0.numero_documento,
        e1_0.tipo_documento 
    from
        empleado e1_0
2026-08-01T23:22:36.044-05:00 DEBUG 3432 --- [sgp] [io-8080-exec-10] org.hibernate.SQL                        : 
    select
        c1_0.id_contrato,
        e1_0.id_empleado,
        e1_0.apellidos,
        e1_0.estado_civil,
        e1_0.fecha_nacimiento,
        e1_0.nombre,
        e1_0.numero_documento,
        e1_0.tipo_documento,
        c1_0.fecha_fin,
        c1_0.fecha_inicio,
        c1_0.salario,
        c1_0.tipo_contrato 
    from
        contrato c1_0 
    left join
        empleado e1_0 
            on e1_0.id_empleado=c1_0.id_empleado
Hibernate: 
    select
        c1_0.id_contrato,
        e1_0.id_empleado,
        e1_0.apellidos,
        e1_0.estado_civil,
        e1_0.fecha_nacimiento,
        e1_0.nombre,
        e1_0.numero_documento,
        e1_0.tipo_documento,
        c1_0.fecha_fin,
        c1_0.fecha_inicio,
        c1_0.salario,
        c1_0.tipo_contrato 
    from
        contrato c1_0 
    left join
        empleado e1_0 
            on e1_0.id_empleado=c1_0.id_empleado
2026-08-01T23:22:36.064-05:00 DEBUG 3432 --- [sgp] [nio-8080-exec-1] org.hibernate.SQL                        : 
    select
        c1_0.id_contrato,
        e1_0.id_empleado,
        e1_0.apellidos,
        e1_0.estado_civil,
        e1_0.fecha_nacimiento,
        e1_0.nombre,
        e1_0.numero_documento,
        e1_0.tipo_documento,
        c1_0.fecha_fin,
        c1_0.fecha_inicio,
        c1_0.salario,
        c1_0.tipo_contrato 
    from
        contrato c1_0 
    left join
        empleado e1_0 
            on e1_0.id_empleado=c1_0.id_empleado
Hibernate: 
    select
        c1_0.id_contrato,
        e1_0.id_empleado,
        e1_0.apellidos,
        e1_0.estado_civil,
        e1_0.fecha_nacimiento,
        e1_0.nombre,
        e1_0.numero_documento,
        e1_0.tipo_documento,
        c1_0.fecha_fin,
        c1_0.fecha_inicio,
        c1_0.salario,
        c1_0.tipo_contrato 
    from
        contrato c1_0 
    left join
        empleado e1_0 
            on e1_0.id_empleado=c1_0.id_empleado
2026-08-01T23:22:36.065-05:00 DEBUG 3432 --- [sgp] [nio-8080-exec-4] org.hibernate.SQL                        : 
    select
        e1_0.id_empleado,
        e1_0.apellidos,
        e1_0.estado_civil,
        e1_0.fecha_nacimiento,
        e1_0.nombre,
        e1_0.numero_documento,
        e1_0.tipo_documento 
    from
        empleado e1_0
Hibernate: 
    select
        e1_0.id_empleado,
        e1_0.apellidos,
        e1_0.estado_civil,
        e1_0.fecha_nacimiento,
        e1_0.nombre,
        e1_0.numero_documento,
        e1_0.tipo_documento 
    from
        empleado e1_0
2026-08-01T23:22:36.091-05:00 DEBUG 3432 --- [sgp] [nio-8080-exec-6] org.hibernate.SQL                        : 
    select
        e1_0.id_empleado,
        e1_0.apellidos,
        e1_0.estado_civil,
        e1_0.fecha_nacimiento,
        e1_0.nombre,
        e1_0.numero_documento,
        e1_0.tipo_documento 
    from
        empleado e1_0
Hibernate: 
    select
        e1_0.id_empleado,
        e1_0.apellidos,
        e1_0.estado_civil,
        e1_0.fecha_nacimiento,
        e1_0.nombre,
        e1_0.numero_documento,
        e1_0.tipo_documento 
    from
        empleado e1_0
2026-08-01T23:22:39.517-05:00 DEBUG 3432 --- [sgp] [nio-8080-exec-3] org.hibernate.SQL                        : 
    select
        u1_0.id,
        u1_0.activo,
        u1_0.correo,
        e1_0.id_empleado,
        e1_0.apellidos,
        e1_0.estado_civil,
        e1_0.fecha_nacimiento,
        e1_0.nombre,
        e1_0.numero_documento,
        e1_0.tipo_documento,
        u1_0.password,
        u1_0.rol 
    from
        usuario u1_0 
    left join
        empleado e1_0 
            on e1_0.id_empleado=u1_0.id_empleado
Hibernate: 
    select
        u1_0.id,
        u1_0.activo,
        u1_0.correo,
        e1_0.id_empleado,
        e1_0.apellidos,
        e1_0.estado_civil,
        e1_0.fecha_nacimiento,
        e1_0.nombre,
        e1_0.numero_documento,
        e1_0.tipo_documento,
        u1_0.password,
        u1_0.rol 
    from
        usuario u1_0 
    left join
        empleado e1_0 
            on e1_0.id_empleado=u1_0.id_empleado
2026-08-01T23:22:39.535-05:00 DEBUG 3432 --- [sgp] [nio-8080-exec-7] org.hibernate.SQL                        : 
    select
        u1_0.id,
        u1_0.activo,
        u1_0.correo,
        e1_0.id_empleado,
        e1_0.apellidos,
        e1_0.estado_civil,
        e1_0.fecha_nacimiento,
        e1_0.nombre,
        e1_0.numero_documento,
        e1_0.tipo_documento,
        u1_0.password,
        u1_0.rol 
    from
        usuario u1_0 
    left join
        empleado e1_0 
            on e1_0.id_empleado=u1_0.id_empleado
Hibernate: 
    select
        u1_0.id,
        u1_0.activo,
        u1_0.correo,
        e1_0.id_empleado,
        e1_0.apellidos,
        e1_0.estado_civil,
        e1_0.fecha_nacimiento,
        e1_0.nombre,
        e1_0.numero_documento,
        e1_0.tipo_documento,
        u1_0.password,
        u1_0.rol 
    from
        usuario u1_0 
    left join
        empleado e1_0 
            on e1_0.id_empleado=u1_0.id_empleado
2026-08-01T23:22:39.540-05:00 DEBUG 3432 --- [sgp] [nio-8080-exec-8] org.hibernate.SQL                        : 
    select
        e1_0.id_empleado,
        e1_0.apellidos,
        e1_0.estado_civil,
        e1_0.fecha_nacimiento,
        e1_0.nombre,
        e1_0.numero_documento,
        e1_0.tipo_documento 
    from
        empleado e1_0
Hibernate: 
    select
        e1_0.id_empleado,
        e1_0.apellidos,
        e1_0.estado_civil,
        e1_0.fecha_nacimiento,
        e1_0.nombre,
        e1_0.numero_documento,
        e1_0.tipo_documento 
    from
        empleado e1_0
2026-08-01T23:22:39.559-05:00 DEBUG 3432 --- [sgp] [nio-8080-exec-5] org.hibernate.SQL                        : 
    select
        e1_0.id_empleado,
        e1_0.apellidos,
        e1_0.estado_civil,
        e1_0.fecha_nacimiento,
        e1_0.nombre,
        e1_0.numero_documento,
        e1_0.tipo_documento 
    from
        empleado e1_0
Hibernate: 
    select
        e1_0.id_empleado,
        e1_0.apellidos,
        e1_0.estado_civil,
        e1_0.fecha_nacimiento,
        e1_0.nombre,
        e1_0.numero_documento,
        e1_0.tipo_documento 
    from
        empleado e1_0
2026-08-01T23:22:40.223-05:00 DEBUG 3432 --- [sgp] [nio-8080-exec-9] org.hibernate.SQL                        : 
    select
        e1_0.id_empleado,
        e1_0.apellidos,
        e1_0.estado_civil,
        e1_0.fecha_nacimiento,
        e1_0.nombre,
        e1_0.numero_documento,
        e1_0.tipo_documento 
    from
        empleado e1_0
Hibernate: 
    select
        e1_0.id_empleado,
        e1_0.apellidos,
        e1_0.estado_civil,
        e1_0.fecha_nacimiento,
        e1_0.nombre,
        e1_0.numero_documento,
        e1_0.tipo_documento 
    from
        empleado e1_0
2026-08-01T23:22:40.239-05:00 DEBUG 3432 --- [sgp] [nio-8080-exec-2] org.hibernate.SQL                        : 
    select
        e1_0.id_empleado,
        e1_0.apellidos,
        e1_0.estado_civil,
        e1_0.fecha_nacimiento,
        e1_0.nombre,
        e1_0.numero_documento,
        e1_0.tipo_documento 
    from
        empleado e1_0
Hibernate: 
    select
        e1_0.id_empleado,
        e1_0.apellidos,
        e1_0.estado_civil,
        e1_0.fecha_nacimiento,
        e1_0.nombre,
        e1_0.numero_documento,
        e1_0.tipo_documento 
    from
        empleado e1_0
2026-08-01T23:23:32.554-05:00 DEBUG 3432 --- [sgp] [nio-8080-exec-4] org.hibernate.SQL                        : 
    select
        e1_0.id_empleado,
        e1_0.apellidos,
        e1_0.estado_civil,
        e1_0.fecha_nacimiento,
        e1_0.nombre,
        e1_0.numero_documento,
        e1_0.tipo_documento 
    from
        empleado e1_0 
    where
        e1_0.id_empleado=?
Hibernate: 
    select
        e1_0.id_empleado,
        e1_0.apellidos,
        e1_0.estado_civil,
        e1_0.fecha_nacimiento,
        e1_0.nombre,
        e1_0.numero_documento,
        e1_0.tipo_documento 
    from
        empleado e1_0 
    where
        e1_0.id_empleado=?
2026-08-01T23:23:32.578-05:00 DEBUG 3432 --- [sgp] [nio-8080-exec-4] org.hibernate.SQL                        : 
    select
        n1_0.id_nomina,
        n1_0.bonificaciones,
        n1_0.id_contrato,
        c1_0.id_contrato,
        c1_0.id_empleado,
        c1_0.fecha_fin,
        c1_0.fecha_inicio,
        c1_0.salario,
        c1_0.tipo_contrato,
        n1_0.deducciones,
        n1_0.departamento,
        n1_0.id_empleado,
        e3_0.id_empleado,
        e3_0.apellidos,
        e3_0.estado_civil,
        e3_0.fecha_nacimiento,
        e3_0.nombre,
        e3_0.numero_documento,
        e3_0.tipo_documento,
        n1_0.estado,
        n1_0.fecha_pago,
        n1_0.municipio,
        n1_0.salario_base,
        n1_0.total_pagado 
    from
        nomina n1_0 
    left join
        empleado e1_0 
            on e1_0.id_empleado=n1_0.id_empleado 
    join
        contrato c1_0 
            on c1_0.id_contrato=n1_0.id_contrato 
    join
        empleado e3_0 
            on e3_0.id_empleado=n1_0.id_empleado 
    where
        e1_0.id_empleado=?
Hibernate: 
    select
        n1_0.id_nomina,
        n1_0.bonificaciones,
        n1_0.id_contrato,
        c1_0.id_contrato,
        c1_0.id_empleado,
        c1_0.fecha_fin,
        c1_0.fecha_inicio,
        c1_0.salario,
        c1_0.tipo_contrato,
        n1_0.deducciones,
        n1_0.departamento,
        n1_0.id_empleado,
        e3_0.id_empleado,
        e3_0.apellidos,
        e3_0.estado_civil,
        e3_0.fecha_nacimiento,
        e3_0.nombre,
        e3_0.numero_documento,
        e3_0.tipo_documento,
        n1_0.estado,
        n1_0.fecha_pago,
        n1_0.municipio,
        n1_0.salario_base,
        n1_0.total_pagado 
    from
        nomina n1_0 
    left join
        empleado e1_0 
            on e1_0.id_empleado=n1_0.id_empleado 
    join
        contrato c1_0 
            on c1_0.id_contrato=n1_0.id_contrato 
    join
        empleado e3_0 
            on e3_0.id_empleado=n1_0.id_empleado 
    where
        e1_0.id_empleado=?
2026-08-01T23:23:32.586-05:00 DEBUG 3432 --- [sgp] [nio-8080-exec-4] org.hibernate.SQL                        : 
    select
        dn1_0.id_detalle,
        dn1_0.descripcion,
        dn1_0.estado,
        dn1_0.fecha,
        dn1_0.id_nomina,
        dn1_0.tipo_concepto,
        dn1_0.valor 
    from
        detalle_nomina dn1_0 
    left join
        nomina n1_0 
            on n1_0.id_nomina=dn1_0.id_nomina 
    where
        n1_0.id_nomina=?
Hibernate: 
    select
        dn1_0.id_detalle,
        dn1_0.descripcion,
        dn1_0.estado,
        dn1_0.fecha,
        dn1_0.id_nomina,
        dn1_0.tipo_concepto,
        dn1_0.valor 
    from
        detalle_nomina dn1_0 
    left join
        nomina n1_0 
            on n1_0.id_nomina=dn1_0.id_nomina 
    where
        n1_0.id_nomina=?
2026-08-01T23:23:32.597-05:00 DEBUG 3432 --- [sgp] [nio-8080-exec-4] org.hibernate.SQL                        : 
    select
        rn1_0.id_reporte,
        rn1_0.id_empleado,
        rn1_0.fecha_generacion,
        rn1_0.id_nomina,
        rn1_0.total_bonificaciones,
        rn1_0.total_deducciones,
        rn1_0.total_pagado,
        rn1_0.total_salario 
    from
        reporte_nomina rn1_0 
    left join
        nomina n1_0 
            on n1_0.id_nomina=rn1_0.id_nomina 
    where
        n1_0.id_nomina=?
Hibernate: 
    select
        rn1_0.id_reporte,
        rn1_0.id_empleado,
        rn1_0.fecha_generacion,
        rn1_0.id_nomina,
        rn1_0.total_bonificaciones,
        rn1_0.total_deducciones,
        rn1_0.total_pagado,
        rn1_0.total_salario 
    from
        reporte_nomina rn1_0 
    left join
        nomina n1_0 
            on n1_0.id_nomina=rn1_0.id_nomina 
    where
        n1_0.id_nomina=?
2026-08-01T23:23:32.609-05:00 DEBUG 3432 --- [sgp] [nio-8080-exec-4] org.hibernate.SQL                        : 
    select
        c1_0.id_contrato,
        e2_0.id_empleado,
        e2_0.apellidos,
        e2_0.estado_civil,
        e2_0.fecha_nacimiento,
        e2_0.nombre,
        e2_0.numero_documento,
        e2_0.tipo_documento,
        c1_0.fecha_fin,
        c1_0.fecha_inicio,
        c1_0.salario,
        c1_0.tipo_contrato 
    from
        contrato c1_0 
    left join
        empleado e1_0 
            on e1_0.id_empleado=c1_0.id_empleado 
    left join
        empleado e2_0 
            on e2_0.id_empleado=c1_0.id_empleado 
    where
        e1_0.id_empleado=?
Hibernate: 
    select
        c1_0.id_contrato,
        e2_0.id_empleado,
        e2_0.apellidos,
        e2_0.estado_civil,
        e2_0.fecha_nacimiento,
        e2_0.nombre,
        e2_0.numero_documento,
        e2_0.tipo_documento,
        c1_0.fecha_fin,
        c1_0.fecha_inicio,
        c1_0.salario,
        c1_0.tipo_contrato 
    from
        contrato c1_0 
    left join
        empleado e1_0 
            on e1_0.id_empleado=c1_0.id_empleado 
    left join
        empleado e2_0 
            on e2_0.id_empleado=c1_0.id_empleado 
    where
        e1_0.id_empleado=?
2026-08-01T23:23:32.620-05:00 DEBUG 3432 --- [sgp] [nio-8080-exec-4] org.hibernate.SQL                        : 
    select
        ae1_0.id,
        ae1_0.fecha_subida,
        ae1_0.id_empleado,
        ae1_0.mime_type,
        ae1_0.nombre_archivo,
        ae1_0.nombre_original,
        ae1_0.ruta,
        ae1_0.tamano,
        ae1_0.tipo 
    from
        archivo_empleado ae1_0 
    where
        ae1_0.id_empleado=?
Hibernate: 
    select
        ae1_0.id,
        ae1_0.fecha_subida,
        ae1_0.id_empleado,
        ae1_0.mime_type,
        ae1_0.nombre_archivo,
        ae1_0.nombre_original,
        ae1_0.ruta,
        ae1_0.tamano,
        ae1_0.tipo 
    from
        archivo_empleado ae1_0 
    where
        ae1_0.id_empleado=?
2026-08-01T23:23:32.631-05:00 DEBUG 3432 --- [sgp] [nio-8080-exec-4] org.hibernate.SQL                        : 
    select
        u1_0.id,
        u1_0.activo,
        u1_0.correo,
        e2_0.id_empleado,
        e2_0.apellidos,
        e2_0.estado_civil,
        e2_0.fecha_nacimiento,
        e2_0.nombre,
        e2_0.numero_documento,
        e2_0.tipo_documento,
        u1_0.password,
        u1_0.rol 
    from
        usuario u1_0 
    left join
        empleado e1_0 
            on e1_0.id_empleado=u1_0.id_empleado 
    left join
        empleado e2_0 
            on e2_0.id_empleado=u1_0.id_empleado 
    where
        e1_0.id_empleado=?
Hibernate: 
    select
        u1_0.id,
        u1_0.activo,
        u1_0.correo,
        e2_0.id_empleado,
        e2_0.apellidos,
        e2_0.estado_civil,
        e2_0.fecha_nacimiento,
        e2_0.nombre,
        e2_0.numero_documento,
        e2_0.tipo_documento,
        u1_0.password,
        u1_0.rol 
    from
        usuario u1_0 
    left join
        empleado e1_0 
            on e1_0.id_empleado=u1_0.id_empleado 
    left join
        empleado e2_0 
            on e2_0.id_empleado=u1_0.id_empleado 
    where
        e1_0.id_empleado=?
2026-08-01T23:23:32.639-05:00 DEBUG 3432 --- [sgp] [nio-8080-exec-4] org.hibernate.SQL                        : 
    select
        c1_0.id_empleado,
        c1_0.id_contrato,
        c1_0.fecha_fin,
        c1_0.fecha_inicio,
        c1_0.salario,
        c1_0.tipo_contrato 
    from
        contrato c1_0 
    where
        c1_0.id_empleado=?
Hibernate: 
    select
        c1_0.id_empleado,
        c1_0.id_contrato,
        c1_0.fecha_fin,
        c1_0.fecha_inicio,
        c1_0.salario,
        c1_0.tipo_contrato 
    from
        contrato c1_0 
    where
        c1_0.id_empleado=?
2026-08-01T23:23:32.646-05:00 DEBUG 3432 --- [sgp] [nio-8080-exec-4] org.hibernate.SQL                        : 
    delete 
    from
        detalle_nomina 
    where
        id_detalle=?
Hibernate: 
    delete 
    from
        detalle_nomina 
    where
        id_detalle=?
2026-08-01T23:23:32.652-05:00 DEBUG 3432 --- [sgp] [nio-8080-exec-4] org.hibernate.SQL                        : 
    delete 
    from
        detalle_nomina 
    where
        id_detalle=?
Hibernate: 
    delete 
    from
        detalle_nomina 
    where
        id_detalle=?
2026-08-01T23:23:32.656-05:00 DEBUG 3432 --- [sgp] [nio-8080-exec-4] org.hibernate.SQL                        : 
    delete 
    from
        detalle_nomina 
    where
        id_detalle=?
Hibernate: 
    delete 
    from
        detalle_nomina 
    where
        id_detalle=?
2026-08-01T23:23:32.661-05:00 DEBUG 3432 --- [sgp] [nio-8080-exec-4] org.hibernate.SQL                        : 
    delete 
    from
        reporte_nomina 
    where
        id_reporte=?
Hibernate: 
    delete 
    from
        reporte_nomina 
    where
        id_reporte=?
2026-08-01T23:23:32.666-05:00 DEBUG 3432 --- [sgp] [nio-8080-exec-4] org.hibernate.SQL                        : 
    delete 
    from
        nomina 
    where
        id_nomina=?
Hibernate: 
    delete 
    from
        nomina 
    where
        id_nomina=?
2026-08-01T23:23:32.671-05:00 DEBUG 3432 --- [sgp] [nio-8080-exec-4] org.hibernate.SQL                        : 
    delete 
    from
        contrato 
    where
        id_contrato=?
Hibernate: 
    delete 
    from
        contrato 
    where
        id_contrato=?
2026-08-01T23:23:32.676-05:00 DEBUG 3432 --- [sgp] [nio-8080-exec-4] org.hibernate.SQL                        : 
    delete 
    from
        archivo_empleado 
    where
        id=?
Hibernate: 
    delete 
    from
        archivo_empleado 
    where
        id=?
2026-08-01T23:23:32.682-05:00 DEBUG 3432 --- [sgp] [nio-8080-exec-4] org.hibernate.SQL                        : 
    delete 
    from
        usuario 
    where
        id=?
Hibernate: 
    delete 
    from
        usuario 
    where
        id=?
2026-08-01T23:23:32.687-05:00 DEBUG 3432 --- [sgp] [nio-8080-exec-4] org.hibernate.SQL                        : 
    delete 
    from
        empleado 
    where
        id_empleado=?
Hibernate: 
    delete 
    from
        empleado 
    where
        id_empleado=?
2026-08-01T23:23:32.713-05:00 DEBUG 3432 --- [sgp] [nio-8080-exec-1] org.hibernate.SQL                        : 
    select
        e1_0.id_empleado,
        e1_0.apellidos,
        e1_0.estado_civil,
        e1_0.fecha_nacimiento,
        e1_0.nombre,
        e1_0.numero_documento,
        e1_0.tipo_documento 
    from
        empleado e1_0
Hibernate: 
    select
        e1_0.id_empleado,
        e1_0.apellidos,
        e1_0.estado_civil,
        e1_0.fecha_nacimiento,
        e1_0.nombre,
        e1_0.numero_documento,
        e1_0.tipo_documento 
    from
        empleado e1_0
2026-08-01T23:23:34.441-05:00 DEBUG 3432 --- [sgp] [nio-8080-exec-6] org.hibernate.SQL                        : 
    select
        c1_0.id_contrato,
        e1_0.id_empleado,
        e1_0.apellidos,
        e1_0.estado_civil,
        e1_0.fecha_nacimiento,
        e1_0.nombre,
        e1_0.numero_documento,
        e1_0.tipo_documento,
        c1_0.fecha_fin,
        c1_0.fecha_inicio,
        c1_0.salario,
        c1_0.tipo_contrato 
    from
        contrato c1_0 
    left join
        empleado e1_0 
            on e1_0.id_empleado=c1_0.id_empleado
Hibernate: 
    select
        c1_0.id_contrato,
        e1_0.id_empleado,
        e1_0.apellidos,
        e1_0.estado_civil,
        e1_0.fecha_nacimiento,
        e1_0.nombre,
        e1_0.numero_documento,
        e1_0.tipo_documento,
        c1_0.fecha_fin,
        c1_0.fecha_inicio,
        c1_0.salario,
        c1_0.tipo_contrato 
    from
        contrato c1_0 
    left join
        empleado e1_0 
            on e1_0.id_empleado=c1_0.id_empleado
2026-08-01T23:23:34.456-05:00 DEBUG 3432 --- [sgp] [nio-8080-exec-3] org.hibernate.SQL                        : 
    select
        c1_0.id_contrato,
        e1_0.id_empleado,
        e1_0.apellidos,
        e1_0.estado_civil,
        e1_0.fecha_nacimiento,
        e1_0.nombre,
        e1_0.numero_documento,
        e1_0.tipo_documento,
        c1_0.fecha_fin,
        c1_0.fecha_inicio,
        c1_0.salario,
        c1_0.tipo_contrato 
    from
        contrato c1_0 
    left join
        empleado e1_0 
            on e1_0.id_empleado=c1_0.id_empleado
Hibernate: 
    select
        c1_0.id_contrato,
        e1_0.id_empleado,
        e1_0.apellidos,
        e1_0.estado_civil,
        e1_0.fecha_nacimiento,
        e1_0.nombre,
        e1_0.numero_documento,
        e1_0.tipo_documento,
        c1_0.fecha_fin,
        c1_0.fecha_inicio,
        c1_0.salario,
        c1_0.tipo_contrato 
    from
        contrato c1_0 
    left join
        empleado e1_0 
            on e1_0.id_empleado=c1_0.id_empleado
2026-08-01T23:23:34.458-05:00 DEBUG 3432 --- [sgp] [nio-8080-exec-7] org.hibernate.SQL                        : 
    select
        e1_0.id_empleado,
        e1_0.apellidos,
        e1_0.estado_civil,
        e1_0.fecha_nacimiento,
        e1_0.nombre,
        e1_0.numero_documento,
        e1_0.tipo_documento 
    from
        empleado e1_0
Hibernate: 
    select
        e1_0.id_empleado,
        e1_0.apellidos,
        e1_0.estado_civil,
        e1_0.fecha_nacimiento,
        e1_0.nombre,
        e1_0.numero_documento,
        e1_0.tipo_documento 
    from
        empleado e1_0
2026-08-01T23:23:34.478-05:00 DEBUG 3432 --- [sgp] [nio-8080-exec-8] org.hibernate.SQL                        : 
    select
        e1_0.id_empleado,
        e1_0.apellidos,
        e1_0.estado_civil,
        e1_0.fecha_nacimiento,
        e1_0.nombre,
        e1_0.numero_documento,
        e1_0.tipo_documento 
    from
        empleado e1_0
Hibernate: 
    select
        e1_0.id_empleado,
        e1_0.apellidos,
        e1_0.estado_civil,
        e1_0.fecha_nacimiento,
        e1_0.nombre,
        e1_0.numero_documento,
        e1_0.tipo_documento 
    from
        empleado e1_0
2026-08-01T23:23:36.948-05:00 DEBUG 3432 --- [sgp] [nio-8080-exec-5] org.hibernate.SQL                        : 
    select
        u1_0.id,
        u1_0.activo,
        u1_0.correo,
        e1_0.id_empleado,
        e1_0.apellidos,
        e1_0.estado_civil,
        e1_0.fecha_nacimiento,
        e1_0.nombre,
        e1_0.numero_documento,
        e1_0.tipo_documento,
        u1_0.password,
        u1_0.rol 
    from
        usuario u1_0 
    left join
        empleado e1_0 
            on e1_0.id_empleado=u1_0.id_empleado
Hibernate: 
    select
        u1_0.id,
        u1_0.activo,
        u1_0.correo,
        e1_0.id_empleado,
        e1_0.apellidos,
        e1_0.estado_civil,
        e1_0.fecha_nacimiento,
        e1_0.nombre,
        e1_0.numero_documento,
        e1_0.tipo_documento,
        u1_0.password,
        u1_0.rol 
    from
        usuario u1_0 
    left join
        empleado e1_0 
            on e1_0.id_empleado=u1_0.id_empleado
2026-08-01T23:23:36.967-05:00 DEBUG 3432 --- [sgp] [nio-8080-exec-9] org.hibernate.SQL                        : 
    select
        u1_0.id,
        u1_0.activo,
        u1_0.correo,
        e1_0.id_empleado,
        e1_0.apellidos,
        e1_0.estado_civil,
        e1_0.fecha_nacimiento,
        e1_0.nombre,
        e1_0.numero_documento,
        e1_0.tipo_documento,
        u1_0.password,
        u1_0.rol 
    from
        usuario u1_0 
    left join
        empleado e1_0 
            on e1_0.id_empleado=u1_0.id_empleado
Hibernate: 
    select
        u1_0.id,
        u1_0.activo,
        u1_0.correo,
        e1_0.id_empleado,
        e1_0.apellidos,
        e1_0.estado_civil,
        e1_0.fecha_nacimiento,
        e1_0.nombre,
        e1_0.numero_documento,
        e1_0.tipo_documento,
        u1_0.password,
        u1_0.rol 
    from
        usuario u1_0 
    left join
        empleado e1_0 
            on e1_0.id_empleado=u1_0.id_empleado
2026-08-01T23:23:36.970-05:00 DEBUG 3432 --- [sgp] [nio-8080-exec-2] org.hibernate.SQL                        : 
    select
        e1_0.id_empleado,
        e1_0.apellidos,
        e1_0.estado_civil,
        e1_0.fecha_nacimiento,
        e1_0.nombre,
        e1_0.numero_documento,
        e1_0.tipo_documento 
    from
        empleado e1_0
Hibernate: 
    select
        e1_0.id_empleado,
        e1_0.apellidos,
        e1_0.estado_civil,
        e1_0.fecha_nacimiento,
        e1_0.nombre,
        e1_0.numero_documento,
        e1_0.tipo_documento 
    from
        empleado e1_0
2026-08-01T23:23:36.996-05:00 DEBUG 3432 --- [sgp] [io-8080-exec-10] org.hibernate.SQL                        : 
    select
        e1_0.id_empleado,
        e1_0.apellidos,
        e1_0.estado_civil,
        e1_0.fecha_nacimiento,
        e1_0.nombre,
        e1_0.numero_documento,
        e1_0.tipo_documento 
    from
        empleado e1_0
Hibernate: 
    select
        e1_0.id_empleado,
        e1_0.apellidos,
        e1_0.estado_civil,
        e1_0.fecha_nacimiento,
        e1_0.nombre,
        e1_0.numero_documento,
        e1_0.tipo_documento 
    from
        empleado e1_0
2026-08-01T23:23:39.191-05:00 DEBUG 3432 --- [sgp] [nio-8080-exec-4] org.hibernate.SQL                        : 
    select
        n1_0.id_nomina,
        n1_0.bonificaciones,
        n1_0.id_contrato,
        c1_0.id_contrato,
        c1_0.id_empleado,
        c1_0.fecha_fin,
        c1_0.fecha_inicio,
        c1_0.salario,
        c1_0.tipo_contrato,
        n1_0.deducciones,
        n1_0.departamento,
        n1_0.id_empleado,
        e2_0.id_empleado,
        e2_0.apellidos,
        e2_0.estado_civil,
        e2_0.fecha_nacimiento,
        e2_0.nombre,
        e2_0.numero_documento,
        e2_0.tipo_documento,
        n1_0.estado,
        n1_0.fecha_pago,
        n1_0.municipio,
        n1_0.salario_base,
        n1_0.total_pagado 
    from
        nomina n1_0 
    join
        contrato c1_0 
            on c1_0.id_contrato=n1_0.id_contrato 
    join
        empleado e2_0 
            on e2_0.id_empleado=n1_0.id_empleado
Hibernate: 
    select
        n1_0.id_nomina,
        n1_0.bonificaciones,
        n1_0.id_contrato,
        c1_0.id_contrato,
        c1_0.id_empleado,
        c1_0.fecha_fin,
        c1_0.fecha_inicio,
        c1_0.salario,
        c1_0.tipo_contrato,
        n1_0.deducciones,
        n1_0.departamento,
        n1_0.id_empleado,
        e2_0.id_empleado,
        e2_0.apellidos,
        e2_0.estado_civil,
        e2_0.fecha_nacimiento,
        e2_0.nombre,
        e2_0.numero_documento,
        e2_0.tipo_documento,
        n1_0.estado,
        n1_0.fecha_pago,
        n1_0.municipio,
        n1_0.salario_base,
        n1_0.total_pagado 
    from
        nomina n1_0 
    join
        contrato c1_0 
            on c1_0.id_contrato=n1_0.id_contrato 
    join
        empleado e2_0 
            on e2_0.id_empleado=n1_0.id_empleado
2026-08-01T23:23:39.209-05:00 DEBUG 3432 --- [sgp] [nio-8080-exec-1] org.hibernate.SQL                        : 
    select
        n1_0.id_nomina,
        n1_0.bonificaciones,
        n1_0.id_contrato,
        c1_0.id_contrato,
        c1_0.id_empleado,
        c1_0.fecha_fin,
        c1_0.fecha_inicio,
        c1_0.salario,
        c1_0.tipo_contrato,
        n1_0.deducciones,
        n1_0.departamento,
        n1_0.id_empleado,
        e2_0.id_empleado,
        e2_0.apellidos,
        e2_0.estado_civil,
        e2_0.fecha_nacimiento,
        e2_0.nombre,
        e2_0.numero_documento,
        e2_0.tipo_documento,
        n1_0.estado,
        n1_0.fecha_pago,
        n1_0.municipio,
        n1_0.salario_base,
        n1_0.total_pagado 
    from
        nomina n1_0 
    join
        contrato c1_0 
            on c1_0.id_contrato=n1_0.id_contrato 
    join
        empleado e2_0 
            on e2_0.id_empleado=n1_0.id_empleado
Hibernate: 
    select
        n1_0.id_nomina,
        n1_0.bonificaciones,
        n1_0.id_contrato,
        c1_0.id_contrato,
        c1_0.id_empleado,
        c1_0.fecha_fin,
        c1_0.fecha_inicio,
        c1_0.salario,
        c1_0.tipo_contrato,
        n1_0.deducciones,
        n1_0.departamento,
        n1_0.id_empleado,
        e2_0.id_empleado,
        e2_0.apellidos,
        e2_0.estado_civil,
        e2_0.fecha_nacimiento,
        e2_0.nombre,
        e2_0.numero_documento,
        e2_0.tipo_documento,
        n1_0.estado,
        n1_0.fecha_pago,
        n1_0.municipio,
        n1_0.salario_base,
        n1_0.total_pagado 
    from
        nomina n1_0 
    join
        contrato c1_0 
            on c1_0.id_contrato=n1_0.id_contrato 
    join
        empleado e2_0 
            on e2_0.id_empleado=n1_0.id_empleado
2026-08-01T23:23:39.666-05:00 DEBUG 3432 --- [sgp] [nio-8080-exec-3] org.hibernate.SQL                        : 
    select
        e1_0.id_empleado,
        e1_0.apellidos,
        e1_0.estado_civil,
        e1_0.fecha_nacimiento,
        e1_0.nombre,
        e1_0.numero_documento,
        e1_0.tipo_documento 
    from
        empleado e1_0
Hibernate: 
    select
        e1_0.id_empleado,
        e1_0.apellidos,
        e1_0.estado_civil,
        e1_0.fecha_nacimiento,
        e1_0.nombre,
        e1_0.numero_documento,
        e1_0.tipo_documento 
    from
        empleado e1_0
2026-08-01T23:23:39.695-05:00 DEBUG 3432 --- [sgp] [nio-8080-exec-8] org.hibernate.SQL                        : 
    select
        c1_0.id_contrato,
        e1_0.id_empleado,
        e1_0.apellidos,
        e1_0.estado_civil,
        e1_0.fecha_nacimiento,
        e1_0.nombre,
        e1_0.numero_documento,
        e1_0.tipo_documento,
        c1_0.fecha_fin,
        c1_0.fecha_inicio,
        c1_0.salario,
        c1_0.tipo_contrato 
    from
        contrato c1_0 
    left join
        empleado e1_0 
            on e1_0.id_empleado=c1_0.id_empleado
Hibernate: 
    select
        c1_0.id_contrato,
        e1_0.id_empleado,
        e1_0.apellidos,
        e1_0.estado_civil,
        e1_0.fecha_nacimiento,
        e1_0.nombre,
        e1_0.numero_documento,
        e1_0.tipo_documento,
        c1_0.fecha_fin,
        c1_0.fecha_inicio,
        c1_0.salario,
        c1_0.tipo_contrato 
    from
        contrato c1_0 
    left join
        empleado e1_0 
            on e1_0.id_empleado=c1_0.id_empleado
2026-08-01T23:23:39.796-05:00 DEBUG 3432 --- [sgp] [nio-8080-exec-5] org.hibernate.SQL                        : 
    select
        e1_0.id_empleado,
        e1_0.apellidos,
        e1_0.estado_civil,
        e1_0.fecha_nacimiento,
        e1_0.nombre,
        e1_0.numero_documento,
        e1_0.tipo_documento 
    from
        empleado e1_0
Hibernate: 
    select
        e1_0.id_empleado,
        e1_0.apellidos,
        e1_0.estado_civil,
        e1_0.fecha_nacimiento,
        e1_0.nombre,
        e1_0.numero_documento,
        e1_0.tipo_documento 
    from
        empleado e1_0
2026-08-01T23:23:39.821-05:00 DEBUG 3432 --- [sgp] [nio-8080-exec-9] org.hibernate.SQL                        : 
    select
        c1_0.id_contrato,
        e1_0.id_empleado,
        e1_0.apellidos,
        e1_0.estado_civil,
        e1_0.fecha_nacimiento,
        e1_0.nombre,
        e1_0.numero_documento,
        e1_0.tipo_documento,
        c1_0.fecha_fin,
        c1_0.fecha_inicio,
        c1_0.salario,
        c1_0.tipo_contrato 
    from
        contrato c1_0 
    left join
        empleado e1_0 
            on e1_0.id_empleado=c1_0.id_empleado
Hibernate: 
    select
        c1_0.id_contrato,
        e1_0.id_empleado,
        e1_0.apellidos,
        e1_0.estado_civil,
        e1_0.fecha_nacimiento,
        e1_0.nombre,
        e1_0.numero_documento,
        e1_0.tipo_documento,
        c1_0.fecha_fin,
        c1_0.fecha_inicio,
        c1_0.salario,
        c1_0.tipo_contrato 
    from
        contrato c1_0 
    left join
        empleado e1_0 
            on e1_0.id_empleado=c1_0.id_empleado
2026-08-01T23:24:49.419-05:00 DEBUG 3432 --- [sgp] [nio-8080-exec-4] org.hibernate.SQL                        : 
    select
        count(*) 
    from
        empleado e1_0
Hibernate: 
    select
        count(*) 
    from
        empleado e1_0
2026-08-01T23:24:49.429-05:00 DEBUG 3432 --- [sgp] [nio-8080-exec-4] org.hibernate.SQL                        : 
    select
        count(*) 
    from
        contrato c1_0
Hibernate: 
    select
        count(*) 
    from
        contrato c1_0
2026-08-01T23:24:49.433-05:00 DEBUG 3432 --- [sgp] [nio-8080-exec-4] org.hibernate.SQL                        : 
    select
        count(*) 
    from
        usuario u1_0
Hibernate: 
    select
        count(*) 
    from
        usuario u1_0
2026-08-01T23:24:49.437-05:00 DEBUG 3432 --- [sgp] [nio-8080-exec-4] org.hibernate.SQL                        : 
    select
        count(*) 
    from
        nomina n1_0
Hibernate: 
    select
        count(*) 
    from
        nomina n1_0
2026-08-01T23:24:49.440-05:00 DEBUG 3432 --- [sgp] [nio-8080-exec-4] org.hibernate.SQL                        : 
    select
        coalesce(sum(n1_0.total_pagado), 0) 
    from
        nomina n1_0
Hibernate: 
    select
        coalesce(sum(n1_0.total_pagado), 0) 
    from
        nomina n1_0
2026-08-01T23:24:49.444-05:00 DEBUG 3432 --- [sgp] [nio-8080-exec-4] org.hibernate.SQL                        : 
    select
        e1_0.id_empleado,
        e1_0.apellidos,
        e1_0.estado_civil,
        e1_0.fecha_nacimiento,
        e1_0.nombre,
        e1_0.numero_documento,
        e1_0.tipo_documento 
    from
        empleado e1_0 
    order by
        e1_0.id_empleado desc 
    limit
        ?
Hibernate: 
    select
        e1_0.id_empleado,
        e1_0.apellidos,
        e1_0.estado_civil,
        e1_0.fecha_nacimiento,
        e1_0.nombre,
        e1_0.numero_documento,
        e1_0.tipo_documento 
    from
        empleado e1_0 
    order by
        e1_0.id_empleado desc 
    limit
        ?
2026-08-01T23:24:49.447-05:00 DEBUG 3432 --- [sgp] [nio-8080-exec-4] org.hibernate.SQL                        : 
    select
        c1_0.id_contrato,
        e1_0.id_empleado,
        e1_0.apellidos,
        e1_0.estado_civil,
        e1_0.fecha_nacimiento,
        e1_0.nombre,
        e1_0.numero_documento,
        e1_0.tipo_documento,
        c1_0.fecha_fin,
        c1_0.fecha_inicio,
        c1_0.salario,
        c1_0.tipo_contrato 
    from
        contrato c1_0 
    join
        empleado e1_0 
            on e1_0.id_empleado=c1_0.id_empleado
Hibernate: 
    select
        c1_0.id_contrato,
        e1_0.id_empleado,
        e1_0.apellidos,
        e1_0.estado_civil,
        e1_0.fecha_nacimiento,
        e1_0.nombre,
        e1_0.numero_documento,
        e1_0.tipo_documento,
        c1_0.fecha_fin,
        c1_0.fecha_inicio,
        c1_0.salario,
        c1_0.tipo_contrato 
    from
        contrato c1_0 
    join
        empleado e1_0 
            on e1_0.id_empleado=c1_0.id_empleado
2026-08-01T23:24:49.466-05:00 DEBUG 3432 --- [sgp] [nio-8080-exec-1] org.hibernate.SQL                        : 
    select
        count(*) 
    from
        empleado e1_0
Hibernate: 
    select
        count(*) 
    from
        empleado e1_0
2026-08-01T23:24:49.475-05:00 DEBUG 3432 --- [sgp] [nio-8080-exec-1] org.hibernate.SQL                        : 
    select
        count(*) 
    from
        contrato c1_0
Hibernate: 
    select
        count(*) 
    from
        contrato c1_0
2026-08-01T23:24:49.481-05:00 DEBUG 3432 --- [sgp] [nio-8080-exec-1] org.hibernate.SQL                        : 
    select
        count(*) 
    from
        usuario u1_0
Hibernate: 
    select
        count(*) 
    from
        usuario u1_0
2026-08-01T23:24:49.485-05:00 DEBUG 3432 --- [sgp] [nio-8080-exec-1] org.hibernate.SQL                        : 
    select
        count(*) 
    from
        nomina n1_0
Hibernate: 
    select
        count(*) 
    from
        nomina n1_0
2026-08-01T23:24:49.489-05:00 DEBUG 3432 --- [sgp] [nio-8080-exec-1] org.hibernate.SQL                        : 
    select
        coalesce(sum(n1_0.total_pagado), 0) 
    from
        nomina n1_0
Hibernate: 
    select
        coalesce(sum(n1_0.total_pagado), 0) 
    from
        nomina n1_0
2026-08-01T23:24:49.495-05:00 DEBUG 3432 --- [sgp] [nio-8080-exec-1] org.hibernate.SQL                        : 
    select
        e1_0.id_empleado,
        e1_0.apellidos,
        e1_0.estado_civil,
        e1_0.fecha_nacimiento,
        e1_0.nombre,
        e1_0.numero_documento,
        e1_0.tipo_documento 
    from
        empleado e1_0 
    order by
        e1_0.id_empleado desc 
    limit
        ?
Hibernate: 
    select
        e1_0.id_empleado,
        e1_0.apellidos,
        e1_0.estado_civil,
        e1_0.fecha_nacimiento,
        e1_0.nombre,
        e1_0.numero_documento,
        e1_0.tipo_documento 
    from
        empleado e1_0 
    order by
        e1_0.id_empleado desc 
    limit
        ?
2026-08-01T23:24:49.500-05:00 DEBUG 3432 --- [sgp] [nio-8080-exec-1] org.hibernate.SQL                        : 
    select
        c1_0.id_contrato,
        e1_0.id_empleado,
        e1_0.apellidos,
        e1_0.estado_civil,
        e1_0.fecha_nacimiento,
        e1_0.nombre,
        e1_0.numero_documento,
        e1_0.tipo_documento,
        c1_0.fecha_fin,
        c1_0.fecha_inicio,
        c1_0.salario,
        c1_0.tipo_contrato 
    from
        contrato c1_0 
    join
        empleado e1_0 
            on e1_0.id_empleado=c1_0.id_empleado
Hibernate: 
    select
        c1_0.id_contrato,
        e1_0.id_empleado,
        e1_0.apellidos,
        e1_0.estado_civil,
        e1_0.fecha_nacimiento,
        e1_0.nombre,
        e1_0.numero_documento,
        e1_0.tipo_documento,
        c1_0.fecha_fin,
        c1_0.fecha_inicio,
        c1_0.salario,
        c1_0.tipo_contrato 
    from
        contrato c1_0 
    join
        empleado e1_0 
            on e1_0.id_empleado=c1_0.id_empleado
2026-08-01T23:24:51.423-05:00 DEBUG 3432 --- [sgp] [nio-8080-exec-6] org.hibernate.SQL                        : 
    select
        e1_0.id_empleado,
        e1_0.apellidos,
        e1_0.estado_civil,
        e1_0.fecha_nacimiento,
        e1_0.nombre,
        e1_0.numero_documento,
        e1_0.tipo_documento 
    from
        empleado e1_0
Hibernate: 
    select
        e1_0.id_empleado,
        e1_0.apellidos,
        e1_0.estado_civil,
        e1_0.fecha_nacimiento,
        e1_0.nombre,
        e1_0.numero_documento,
        e1_0.tipo_documento 
    from
        empleado e1_0
2026-08-01T23:24:51.441-05:00 DEBUG 3432 --- [sgp] [nio-8080-exec-3] org.hibernate.SQL                        : 
    select
        e1_0.id_empleado,
        e1_0.apellidos,
        e1_0.estado_civil,
        e1_0.fecha_nacimiento,
        e1_0.nombre,
        e1_0.numero_documento,
        e1_0.tipo_documento 
    from
        empleado e1_0
Hibernate: 
    select
        e1_0.id_empleado,
        e1_0.apellidos,
        e1_0.estado_civil,
        e1_0.fecha_nacimiento,
        e1_0.nombre,
        e1_0.numero_documento,
        e1_0.tipo_documento 
    from
        empleado e1_0
2026-08-02T01:28:43.608-05:00  WARN 3432 --- [sgp] [l-1:housekeeper] com.zaxxer.hikari.pool.HikariPool        : HikariPool-1 - Thread starvation or clock leap detected (housekeeper delta=26m20s578ms39µs600ns).
2026-08-02T08:46:18.943-05:00  WARN 3432 --- [sgp] [l-1:housekeeper] com.zaxxer.hikari.pool.HikariPool        : HikariPool-1 - Thread starvation or clock leap detected (housekeeper delta=7h17m37s539ms567µs).
